{"stat.chestOpened":19,"stat.pickup.minecraft.double_plant":2,"stat.walkOneCm":203100,"stat.craftItem.minecraft.bed":1,"stat.useItem.minecraft.torch":12,"stat.pickup.minecraft.bone":3,"stat.useItem.minecraft.chest":1,"stat.useItem.minecraft.stone":3,"stat.pickup.minecraft.arrow":2,"stat.pickup.minecraft.crafting_table":5,"stat.useItem.minecraft.log":8,"stat.useItem.minecraft.cobblestone":16,"stat.craftItem.minecraft.crafting_table":2,"stat.pickup.minecraft.stone_axe":2,"stat.furnaceInteraction":9,"stat.mineBlock.minecraft.double_plant":1,"stat.pickup.srparasites.lurecomponent2":1,"stat.mineBlock.minecraft.coal_ore":95,"stat.mineBlock.srparasites.gore":16,"stat.pickup.srparasites.lurecomponent1":9,"stat.pickup.minecraft.log":96,"stat.jump":613,"stat.swimOneCm":4717,"stat.pickup.minecraft.coal":95,"stat.fallOneCm":5864,"stat.useItem.minecraft.planks":176,"stat.useItem.minecraft.cooked_mutton":5,"stat.pickup.minecraft.furnace":1,"stat.pickup.tombstone.crafting_ingredient":1,"stat.useItem.minecraft.stone_axe":255,"stat.craftItem.minecraft.stone_slab2":0,"stat.pickup.minecraft.stone":29,"stat.crouchOneCm":15090,"stat.craftItem.minecraft.chest":2,"stat.craftItem.minecraft.torch":12,"stat.pickup.minecraft.sapling":9,"stat.pickup.minecraft.dirt":23,"stat.sprintOneCm":48979,"stat.useItem.minecraft.stone_slab2":17,"stat.pickup.minecraft.apple":2,"stat.craftItem.minecraft.stick":24,"stat.craftItem.minecraft.wooden_axe":1,"stat.craftingTableInteraction":22,"stat.pickup.minecraft.rotten_flesh":3,"stat.killEntity.Skeleton":2,"stat.pickup.minecraft.sand":1,"stat.craftItem.minecraft.furnace":3,"stat.pickup.tombstone.lollipop":2,"stat.craftItem.minecraft.planks":352,"stat.craftItem.minecraft.stone_axe":4,"stat.mineBlock.minecraft.crafting_table":5,"stat.damageTaken":1641,"stat.craftItem.minecraft.stone_pickaxe":4,"stat.mineBlock.minecraft.torch":4,"stat.mineBlock.minecraft.furnace":1,"stat.useItem.minecraft.wooden_pickaxe":7,"stat.useItem.minecraft.furnace":1,"stat.mobKills":44,"stat.pickup.minecraft.cobblestone":172,"stat.pickup.srparasites.assimilated_flesh":4,"stat.mineBlock.minecraft.log":98,"stat.pickup.minecraft.planks":4,"stat.flyOneCm":48440,"stat.pickup.minecraft.bed":1,"stat.deaths":5,"stat.mineBlock.minecraft.planks":6,"tombstone:undead_killed":4,"stat.drop":2,"stat.mineBlock.minecraft.leaves":23,"stat.mineBlock.minecraft.sand":1,"stat.playOneMinute":46247,"stat.pickup.minecraft.torch":4,"stat.useItem.minecraft.stone_pickaxe":267,"stat.killEntity.Sheep":17,"stat.sneakTime":4892,"stat.pickup.minecraft.wool":17,"stat.damageDealt":4287,"stat.drop.minecraft.stone_axe":2,"stat.killEntity.Zombie":2,"stat.sleepInBed":1,"stat.timeSinceDeath":25217,"stat.useItem.minecraft.wooden_axe":1,"stat.mineBlock.minecraft.dirt":13,"stat.craftItem.minecraft.wooden_pickaxe":1,"stat.mineBlock.minecraft.stone":162,"stat.mineBlock.minecraft.tallgrass":4,"stat.craftItem.minecraft.cooked_mutton":9,"stat.diveOneCm":777,"stat.pickup.minecraft.mutton":20}