{"stat.chestOpened":12,"stat.pickup.minecraft.double_plant":2,"stat.walkOneCm":161615,"stat.craftItem.minecraft.bed":1,"stat.useItem.minecraft.torch":10,"stat.pickup.minecraft.bone":2,"stat.useItem.minecraft.chest":1,"stat.useItem.minecraft.stone":1,"stat.pickup.minecraft.crafting_table":3,"stat.useItem.minecraft.log":8,"stat.useItem.minecraft.cobblestone":16,"stat.craftItem.minecraft.crafting_table":2,"stat.pickup.minecraft.stone_axe":2,"stat.mineBlock.minecraft.double_plant":1,"stat.pickup.srparasites.lurecomponent2":1,"stat.mineBlock.minecraft.coal_ore":60,"stat.mineBlock.srparasites.gore":16,"stat.pickup.srparasites.lurecomponent1":9,"stat.pickup.minecraft.log":96,"stat.jump":478,"stat.swimOneCm":4190,"stat.pickup.minecraft.coal":59,"stat.fallOneCm":5386,"stat.useItem.minecraft.planks":103,"stat.useItem.minecraft.stone_axe":233,"stat.pickup.minecraft.stone":8,"stat.crouchOneCm":8028,"stat.craftItem.minecraft.chest":2,"stat.craftItem.minecraft.torch":12,"stat.pickup.minecraft.sapling":9,"stat.pickup.minecraft.dirt":12,"stat.sprintOneCm":36330,"stat.useItem.minecraft.stone_slab2":12,"stat.pickup.minecraft.apple":2,"stat.craftItem.minecraft.stick":24,"stat.craftItem.minecraft.wooden_axe":1,"stat.craftingTableInteraction":15,"stat.pickup.minecraft.rotten_flesh":3,"stat.killEntity.Skeleton":1,"stat.pickup.minecraft.sand":1,"stat.craftItem.minecraft.furnace":2,"stat.pickup.tombstone.lollipop":2,"stat.craftItem.minecraft.planks":240,"stat.craftItem.minecraft.stone_axe":3,"stat.mineBlock.minecraft.crafting_table":3,"stat.damageTaken":1441,"stat.craftItem.minecraft.stone_pickaxe":2,"stat.mineBlock.minecraft.torch":2,"stat.useItem.minecraft.wooden_pickaxe":7,"stat.useItem.minecraft.furnace":1,"stat.mobKills":34,"stat.pickup.minecraft.cobblestone":122,"stat.pickup.srparasites.assimilated_flesh":4,"stat.mineBlock.minecraft.log":98,"stat.pickup.minecraft.planks":2,"stat.flyOneCm":33506,"stat.deaths":5,"stat.mineBlock.minecraft.planks":4,"tombstone:undead_killed":3,"stat.drop":2,"stat.mineBlock.minecraft.leaves":21,"stat.mineBlock.minecraft.sand":1,"stat.playOneMinute":34547,"stat.pickup.minecraft.torch":2,"stat.useItem.minecraft.stone_pickaxe":145,"stat.killEntity.Sheep":8,"stat.sneakTime":3572,"stat.pickup.minecraft.wool":8,"stat.damageDealt":3368,"stat.drop.minecraft.stone_axe":2,"stat.killEntity.Zombie":2,"stat.sleepInBed":1,"stat.timeSinceDeath":13517,"stat.useItem.minecraft.wooden_axe":1,"stat.craftItem.minecraft.wooden_pickaxe":1,"stat.mineBlock.minecraft.stone":91,"stat.mineBlock.minecraft.tallgrass":3,"stat.diveOneCm":777,"stat.pickup.minecraft.mutton":9}