{"stat.chestOpened":80,"stat.useItem.minecraft.bow":1,"stat.pickup.minecraft.bone":1,"stat.craftItem.nocubessrparmory.pestilentarmorhelmet":1,"stat.useItem.minecraft.stone":1,"stat.useItem.minecraft.iron_axe":239,"stat.pickup.minecraft.gravel":4,"stat.pickup.minecraft.arrow":3,"stat.mineBlock.minecraft.cobblestone":36,"stat.pickup.minecraft.stone_axe":1,"stat.craftItem.minecraft.iron_axe":2,"stat.mineBlock.srparasites.gore":59,"stat.useItem.minecraft.rotten_flesh":1,"stat.jump":1696,"stat.swimOneCm":10561,"stat.pickup.minecraft.coal":147,"stat.fallOneCm":16284,"stat.climbOneCm":222,"stat.pickup.minecraft.iron_ingot":14,"stat.useItem.minecraft.stone_axe":175,"stat.crouchOneCm":24913,"stat.mineBlock.minecraft.chest":4,"stat.craftItem.minecraft.torch":40,"stat.craftItem.minecraft.chest":4,"stat.craftItem.minecraft.iron_ingot":73,"stat.pickup.minecraft.dirt":29,"stat.craftItem.minecraft.iron_helmet":1,"stat.useItem.minecraft.stone_slab2":25,"stat.pickup.minecraft.bow":1,"stat.craftingTableInteraction":38,"stat.pickup.minecraft.iron_ore":85,"stat.pickup.minecraft.rotten_flesh":6,"stat.pickup.minecraft.sand":12,"stat.craftItem.minecraft.furnace":3,"stat.boatOneCm":12821,"stat.pickup.minecraft.gold_ore":15,"stat.mineBlock.minecraft.lapis_ore":15,"stat.craftItem.minecraft.stone_axe":2,"stat.mineBlock.nocubessrpnests.nestegg":14,"stat.craftItem.minecraft.iron_boots":1,"stat.damageTaken":4978,"stat.useItem.minecraft.iron_ore":1,"stat.pickup.minecraft.leather":19,"stat.craftItem.minecraft.wooden_button":3,"stat.craftItem.minecraft.stone_pickaxe":6,"stat.useItem.minecraft.wooden_pickaxe":16,"stat.useItem.minecraft.furnace":1,"stat.craftItem.minecraft.cooked_beef":31,"stat.pickup.minecraft.cobblestone":899,"stat.pickup.srparasites.assimilated_flesh":25,"stat.pickup.minecraft.dye":90,"stat.pickup.minecraft.planks":24,"stat.useItem.minecraft.stone_shovel":20,"stat.flyOneCm":158917,"tombstone:undead_killed":9,"stat.useItem.tombstone.grave_key":14,"stat.pickup.minecraft.wheat_seeds":13,"stat.mineBlock.minecraft.sand":1,"stat.mineBlock.minecraft.gravel":4,"stat.useItem.minecraft.stone_pickaxe":692,"stat.useItem.minecraft.cooked_beef":23,"stat.craftItem.minecraft.iron_leggings":1,"stat.damageDealt":11681,"stat.pickup.minecraft.redstone":140,"stat.mineBlock.minecraft.iron_ore":87,"stat.sleepInBed":3,"stat.timeSinceDeath":23692,"stat.killEntity.Cow":13,"stat.craftItem.nocubessrparmory.pestilentarmorlegs":1,"stat.mineBlock.minecraft.dirt":30,"stat.useItem.minecraft.iron_pickaxe":600,"stat.craftItem.nocubessrparmory.pestilentarmorboots":1,"stat.craftItem.minecraft.wooden_pickaxe":2,"stat.craftItem.minecraft.iron_door":3,"stat.useItem.minecraft.iron_door":3,"stat.craftItem.minecraft.stone_shovel":3,"stat.walkOneCm":508415,"stat.useItem.minecraft.torch":32,"stat.useItem.minecraft.chest":6,"stat.pickup.minecraft.stick":12,"stat.useItem.minecraft.log":2,"stat.pickup.minecraft.crafting_table":6,"stat.useItem.minecraft.cobblestone":324,"stat.furnaceInteraction":32,"stat.craftItem.minecraft.crafting_table":1,"stat.mineBlock.minecraft.double_plant":4,"stat.pickup.srparasites.lurecomponent2":3,"stat.mineBlock.minecraft.coal_ore":155,"stat.pickup.srparasites.lurecomponent3":1,"stat.craftItem.minecraft.boat":1,"stat.pickup.srparasites.lurecomponent1":1,"stat.killEntity.Creeper":1,"stat.pickup.minecraft.log":24,"stat.pickup.minecraft.beef":31,"stat.pickup.minecraft.furnace":1,"stat.craftItem.minecraft.stone_slab2":0,"stat.craftItem.minecraft.gold_ingot":15,"stat.pickup.minecraft.stone":92,"stat.craftItem.minecraft.iron_chestplate":1,"stat.sprintOneCm":105315,"stat.craftItem.minecraft.stick":60,"stat.craftItem.minecraft.wooden_axe":1,"stat.killEntity.Skeleton":3,"stat.pickup.tombstone.lollipop":9,"stat.craftItem.minecraft.planks":88,"stat.mineBlock.minecraft.diamond_ore":6,"stat.mineBlock.srparasites.infestremain":12,"stat.pickup.nocubessrpnests.organicsample":19,"stat.mineBlock.minecraft.crafting_table":6,"stat.useItem.minecraft.wooden_button":2,"stat.craftItem.nocubessrparmory.pestilentpart":38,"stat.mobKills":99,"stat.mineBlock.minecraft.log":24,"stat.useItem.minecraft.boat":1,"stat.deaths":12,"stat.drop":1,"stat.pickup.minecraft.iron_door":1,"stat.pickup.minecraft.diamond":6,"stat.playOneMinute":120074,"stat.pickup.minecraft.torch":1,"stat.mineBlock.minecraft.redstone_ore":31,"stat.sneakTime":10065,"stat.craftItem.minecraft.iron_pickaxe":3,"stat.craftItem.minecraft.diamond_pickaxe":1,"stat.killEntity.Zombie":6,"stat.useItem.minecraft.wooden_axe":19,"stat.drop.minecraft.torch":1,"stat.craftItem.nocubessrparmory.pestilentarmorbody":1,"stat.mineBlock.minecraft.stone":942,"stat.mineBlock.minecraft.gold_ore":17,"stat.mineBlock.minecraft.tallgrass":78,"stat.diveOneCm":4174,"stat.pickup.minecraft.chest":4}