{"stat.useItem.minecraft.bow":12,"stat.pickup.minecraft.bone":24,"stat.craftItem.nocubessrparmory.pestilentarmorhelmet":1,"stat.useItem.minecraft.iron_axe":643,"stat.mineBlock.minecraft.cobblestone":161,"stat.pickup.nocubessrpnests.wormacid":10,"stat.craftItem.minecraft.iron_axe":3,"stat.mineBlock.srparasites.gore":111,"stat.pickup.nocubessrpnests.fleshwormspike":6,"stat.pickup.srparasites.parasitecanister":5,"stat.pickup.nocubessrpnests.wormtoothblade":4,"stat.swimOneCm":76824,"stat.climbOneCm":40744,"stat.pickup.minecraft.glowstone_dust":4,"stat.pickup.minecraft.porkchop":12,"stat.pickup.nocubessrparmory.pestilentarmorbody":1,"stat.useItem.minecraft.dirt":43,"stat.useItem.minecraft.stone_slab2":632,"stat.pickup.nocubessrparmory.gorearmorlegs":1,"stat.pickup.minecraft.bow":5,"stat.pickup.srparasites.ada_arachnida_drop":8,"stat.useItem.minecraft.water_bucket":12,"stat.pickup.minecraft.rotten_flesh":36,"stat.pickup.minecraft.sand":13,"stat.craftItem.minecraft.furnace":10,"stat.craftItem.minecraft.stone_axe":2,"stat.mineBlock.nocubessrpnests.nestegg":14,"stat.craftItem.minecraft.iron_boots":1,"stat.useItem.minecraft.iron_ore":1,"stat.useItem.srparasites.parasitecanister":1,"stat.craftItem.minecraft.stone_pickaxe":7,"stat.craftItem.minecraft.cooked_beef":54,"stat.mineBlock.minecraft.obsidian":8,"stat.pickup.minecraft.cobblestone":1265,"stat.useItem.minecraft.stone_shovel":20,"stat.flyOneCm":911295,"stat.craftItem.nocubessrparmory.gorearmorlegs":1,"stat.mineBlock.minecraft.sand":2,"stat.killEntity.Witch":1,"tombstone:villager_killed":1,"stat.useItem.minecraft.cooked_beef":48,"stat.useItem.nocubessrpnests.wormtoothpickaxe":29,"stat.killEntity.Villager":1,"stat.pickup.nocubessrparmory.pestilentpart":13,"stat.pickup.minecraft.redstone":140,"stat.mineBlock.minecraft.iron_ore":154,"stat.timeSinceDeath":20342,"stat.craftItem.nocubessrpnests.wormtoothblade":4,"stat.craftItem.nocubessrparmory.pestilentarmorlegs":1,"stat.useItem.minecraft.iron_pickaxe":750,"stat.craftItem.minecraft.wooden_pickaxe":2,"stat.craftItem.minecraft.iron_door":3,"stat.useItem.minecraft.iron_door":5,"stat.trappedChestTriggered":129,"stat.craftItem.nocubessrpnests.wormtoothpickaxe":1,"stat.furnaceInteraction":98,"stat.useItem.minecraft.cooked_porkchop":4,"stat.useItem.nocubessrparmory.pestilentscythe":569,"stat.killEntity.ZombieVillager":1,"stat.pickup.srparasites.lurecomponent2":6,"stat.mineBlock.minecraft.coal_ore":157,"stat.pickup.srparasites.lurecomponent3":4,"stat.pickup.srparasites.lurecomponent1":11,"stat.killEntity.Creeper":10,"stat.craftItem.minecraft.stone_hoe":1,"stat.pickup.srparasites.lurecomponent4":7,"stat.pickup.minecraft.string":22,"stat.craftItem.nocubessrpnests.crateorganicsample":1,"stat.pickup.minecraft.beef":57,"stat.pickup.minecraft.furnace":2,"stat.pickup.tombstone.crafting_ingredient":23,"stat.craftItem.minecraft.stone_slab2":0,"stat.pickup.nocubessrparmory.pestilentarmorlegs":1,"stat.craftItem.nocubessrparmory.infestedtoolrod":2,"stat.sprintOneCm":326691,"stat.craftItem.minecraft.stick":100,"stat.craftItem.minecraft.wooden_axe":1,"stat.pickup.srparasites.dispatchern":2,"stat.pickup.tombstone.lollipop":18,"stat.mineBlock.minecraft.diamond_ore":14,"stat.pickup.nocubessrpnests.neststonelight":2,"stat.craftItem.nocubessrparmory.carbonsteel":6,"stat.useItem.minecraft.wheat_seeds":19,"stat.pickup.nocubessrpnests.organicsample":19,"stat.useItem.minecraft.wooden_button":2,"stat.mineBlock.minecraft.crafting_table":8,"stat.pickup.srparasites.ada_manducater_drop":1,"stat.useItem.minecraft.diamond_pickaxe":321,"stat.craftItem.nocubessrparmory.gorearmorbody":1,"stat.deaths":22,"stat.drop":1,"stat.pickup.minecraft.egg":1,"stat.playOneMinute":314474,"stat.craftItem.minecraft.iron_pickaxe":3,"stat.craftItem.minecraft.diamond_pickaxe":1,"stat.killEntity.Zombie":30,"stat.drop.minecraft.torch":1,"stat.mineBlock.nocubessrpnests.fleshwormteeth":36,"stat.mineBlock.minecraft.gold_ore":34,"stat.mineBlock.minecraft.tallgrass":170,"stat.diveOneCm":201187,"stat.chestOpened":161,"stat.mineBlock.srparasites.dispatchern":2,"stat.useItem.minecraft.stone":1,"stat.pickup.minecraft.gravel":4,"stat.pickup.minecraft.arrow":22,"stat.craftItem.minecraft.cooked_porkchop":6,"stat.pickup.minecraft.stone_axe":1,"stat.craftItem.nocubessrparmory.pestilentscythe":1,"stat.pickup.minecraft.obsidian":6,"stat.useItem.minecraft.potion":2,"stat.useItem.minecraft.rotten_flesh":1,"stat.jump":3436,"stat.pickup.minecraft.coal":177,"stat.fallOneCm":32110,"stat.pickup.minecraft.iron_ingot":60,"stat.useItem.minecraft.stone_axe":176,"stat.pickup.minecraft.gunpowder":15,"stat.crouchOneCm":46089,"stat.mineBlock.minecraft.chest":4,"stat.pickup.minecraft.spider_eye":8,"stat.craftItem.minecraft.torch":72,"stat.craftItem.minecraft.chest":4,"stat.craftItem.minecraft.iron_ingot":193,"stat.craftItem.minecraft.iron_helmet":1,"stat.pickup.minecraft.dirt":143,"stat.pickup.nocubessrpnests.wormtooth":72,"stat.craftingTableInteraction":74,"stat.pickup.minecraft.iron_ore":148,"stat.pickup.nocubessrparmory.pestilentscythe":2,"stat.boatOneCm":12821,"stat.pickup.minecraft.gold_ore":32,"stat.mineBlock.minecraft.lapis_ore":19,"stat.pickup.nocubessrparmory.pestilentarmorhelmet":2,"stat.pickup.nocubessrparmory.gorearmorbody":1,"stat.damageTaken":10909,"stat.pickup.minecraft.leather":31,"stat.pickup.minecraft.feather":3,"stat.craftItem.minecraft.wooden_button":3,"stat.mineBlock.minecraft.furnace":1,"stat.mineBlock.minecraft.torch":3,"stat.useItem.minecraft.furnace":6,"stat.useItem.minecraft.wooden_pickaxe":16,"stat.pickup.srparasites.assimilated_flesh":83,"stat.pickup.minecraft.dye":113,"stat.pickup.minecraft.planks":41,"tombstone:undead_killed":50,"stat.useItem.tombstone.grave_key":22,"stat.pickup.minecraft.wheat_seeds":46,"stat.pickup.srparasites.canisteractive":2,"stat.entityKilledBy.Zombie":1,"stat.mineBlock.minecraft.gravel":4,"stat.useItem.minecraft.stone_pickaxe":692,"stat.pickup.srparasites.dispatcher_drop":2,"stat.craftItem.minecraft.iron_leggings":1,"stat.damageDealt":47410,"stat.sleepInBed":5,"stat.mineBlock.nocubessrpnests.fleshwormspike":4,"stat.killEntity.Cow":31,"stat.mineBlock.minecraft.dirt":59,"stat.craftItem.nocubessrparmory.pestilentarmorboots":1,"stat.killEntity.Pig":7,"stat.craftItem.minecraft.stone_shovel":3,"stat.walkOneCm":1154577,"stat.useItem.minecraft.torch":80,"stat.useItem.minecraft.bread":24,"stat.useItem.minecraft.chest":6,"stat.pickup.minecraft.stick":12,"stat.pickup.minecraft.diamond_pickaxe":2,"stat.useItem.minecraft.log":2,"stat.pickup.minecraft.crafting_table":8,"stat.useItem.minecraft.cobblestone":1858,"stat.craftItem.minecraft.crafting_table":3,"stat.mineBlock.nocubessrpnests.neststonelight":1,"stat.mineBlock.minecraft.double_plant":8,"stat.useItem.minecraft.lava_bucket":10,"stat.craftItem.minecraft.boat":1,"stat.mineBlock.srparasites.canisteractive":2,"stat.pickup.minecraft.log":75,"stat.craftItem.nocubessrparmory.gorepart":14,"stat.craftItem.nocubessrparmory.rawcarbonsteel":27,"stat.craftItem.minecraft.gold_ingot":32,"stat.pickup.minecraft.stone":132,"stat.craftItem.minecraft.iron_chestplate":1,"stat.pickup.minecraft.chicken":3,"stat.pickup.nocubessrparmory.pestilentarmorboots":2,"stat.killEntity.Skeleton":19,"stat.mineBlock.nocubessrpnests.fleshwormacid":12,"stat.craftItem.minecraft.bucket":1,"stat.craftItem.minecraft.planks":264,"stat.pickup.nocubessrpnests.wormtoothpickaxe":1,"stat.killEntity.Chicken":3,"stat.mineBlock.srparasites.infestremain":12,"stat.killEntity.Spider":16,"stat.pickup.minecraft.bread":219,"stat.craftItem.nocubessrparmory.pestilentpart":136,"stat.mobKills":327,"stat.mineBlock.minecraft.log":75,"stat.useItem.minecraft.stone_hoe":39,"stat.useItem.minecraft.boat":1,"stat.pickup.minecraft.water_bucket":2,"stat.pickup.minecraft.iron_door":1,"stat.pickup.minecraft.diamond":14,"stat.mineBlock.minecraft.leaves":3,"stat.pickup.minecraft.torch":6,"stat.mineBlock.srparasites.parasitecanister":5,"stat.mineBlock.minecraft.redstone_ore":31,"stat.sneakTime":19858,"stat.pickup.minecraft.lava_bucket":2,"stat.useItem.minecraft.wooden_axe":19,"stat.craftItem.nocubessrparmory.pestilentarmorbody":1,"stat.mineBlock.minecraft.stone":1125,"stat.pickup.minecraft.chest":4}