{"stat.chestOpened":61,"stat.pickup.minecraft.bone":10,"stat.useItem.minecraft.stone":15,"stat.useItem.minecraft.iron_axe":176,"stat.pickup.minecraft.arrow":8,"stat.mineBlock.minecraft.cobblestone":74,"stat.pickup.minecraft.stone_pickaxe":1,"stat.pickup.minecraft.stone_axe":2,"stat.craftItem.minecraft.iron_axe":1,"stat.mineBlock.srparasites.gore":31,"stat.useItem.minecraft.diamond_sword":287,"stat.jump":1823,"stat.swimOneCm":47702,"stat.pickup.minecraft.coal":178,"stat.fallOneCm":21152,"stat.useItem.minecraft.planks":176,"stat.pickup.minecraft.iron_ingot":10,"stat.useItem.minecraft.stone_axe":368,"stat.pickup.minecraft.gunpowder":4,"stat.pickup.minecraft.porkchop":20,"stat.crouchOneCm":27508,"stat.craftItem.minecraft.chest":2,"stat.craftItem.minecraft.torch":72,"stat.craftItem.minecraft.iron_ingot":53,"stat.pickup.minecraft.dirt":32,"stat.useItem.minecraft.dirt":5,"stat.craftItem.minecraft.iron_helmet":1,"stat.craftItem.nocubessrparmory.twistedpart":6,"stat.useItem.minecraft.stone_slab2":36,"stat.craftingTableInteraction":42,"stat.pickup.minecraft.iron_ore":53,"stat.pickup.minecraft.rotten_flesh":17,"stat.pickup.minecraft.sand":1,"stat.craftItem.minecraft.furnace":3,"stat.pickup.minecraft.gold_ore":18,"stat.mineBlock.minecraft.lapis_ore":5,"stat.craftItem.minecraft.stone_axe":4,"stat.craftItem.minecraft.iron_boots":1,"stat.damageTaken":4895,"stat.pickup.minecraft.feather":6,"stat.craftItem.minecraft.stone_pickaxe":6,"stat.mineBlock.minecraft.torch":5,"stat.mineBlock.minecraft.furnace":1,"stat.useItem.minecraft.wooden_pickaxe":7,"stat.useItem.minecraft.furnace":1,"stat.pickup.minecraft.cobblestone":555,"stat.pickup.srparasites.assimilated_flesh":19,"stat.pickup.minecraft.dye":49,"stat.pickup.minecraft.planks":4,"stat.flyOneCm":253470,"stat.pickup.minecraft.bed":2,"tombstone:undead_killed":27,"stat.useItem.tombstone.grave_key":4,"stat.mineBlock.minecraft.sand":1,"stat.useItem.minecraft.stone_pickaxe":664,"stat.craftItem.minecraft.iron_leggings":1,"stat.damageDealt":20257,"stat.mineBlock.minecraft.iron_ore":53,"stat.sleepInBed":3,"stat.timeSinceDeath":12700,"stat.mineBlock.minecraft.dirt":16,"stat.useItem.minecraft.iron_pickaxe":182,"stat.craftItem.minecraft.wooden_pickaxe":1,"stat.killEntity.Pig":12,"stat.pickup.minecraft.mutton":41,"stat.pickup.minecraft.double_plant":2,"stat.walkOneCm":647403,"stat.craftItem.minecraft.bed":1,"stat.useItem.minecraft.torch":64,"stat.useItem.minecraft.chest":1,"stat.useItem.minecraft.log":15,"stat.pickup.minecraft.crafting_table":5,"stat.useItem.minecraft.cobblestone":396,"stat.craftItem.minecraft.crafting_table":2,"stat.furnaceInteraction":22,"stat.mineBlock.minecraft.double_plant":2,"stat.pickup.minecraft.iron_shovel":1,"stat.killEntity.ZombieVillager":1,"stat.pickup.srparasites.lurecomponent2":2,"stat.mineBlock.minecraft.coal_ore":179,"stat.pickup.srparasites.lurecomponent1":32,"stat.killEntity.Creeper":4,"stat.mineBlock.minecraft.emerald_ore":1,"stat.pickup.minecraft.log":279,"stat.pickup.minecraft.string":3,"stat.useItem.minecraft.cooked_mutton":23,"stat.pickup.minecraft.furnace":1,"stat.pickup.tombstone.crafting_ingredient":7,"stat.entityKilledBy.Skeleton":2,"stat.craftItem.minecraft.stone_slab2":0,"stat.craftItem.minecraft.gold_ingot":18,"stat.pickup.minecraft.stone":64,"stat.craftItem.minecraft.iron_chestplate":1,"stat.pickup.minecraft.chicken":6,"stat.pickup.minecraft.sapling":20,"stat.killEntity.Squid":11,"stat.sprintOneCm":220499,"stat.pickup.minecraft.wooden_door":5,"stat.pickup.minecraft.apple":3,"stat.craftItem.minecraft.stick":56,"stat.craftItem.minecraft.wooden_axe":1,"stat.killEntity.Skeleton":9,"stat.pickup.tombstone.lollipop":6,"stat.craftItem.minecraft.bucket":2,"stat.craftItem.minecraft.planks":352,"stat.killEntity.Chicken":6,"stat.mineBlock.minecraft.crafting_table":5,"stat.killEntity.Spider":2,"stat.mobKills":166,"stat.pickup.minecraft.emerald":1,"stat.mineBlock.minecraft.log":291,"stat.craftItem.minecraft.wooden_door":9,"stat.useItem.minecraft.wooden_door":12,"stat.craftItem.nocubessrparmory.twistedmallet":1,"stat.deaths":13,"stat.mineBlock.minecraft.planks":6,"stat.drop":3,"stat.mineBlock.minecraft.leaves":53,"stat.pickup.minecraft.egg":3,"stat.playOneMinute":155147,"stat.pickup.minecraft.torch":6,"stat.killEntity.Sheep":37,"stat.drop.tombstone.grave_key":1,"stat.pickup.tombstone.grave_key":1,"stat.sneakTime":9284,"stat.craftItem.minecraft.iron_pickaxe":1,"stat.pickup.minecraft.wool":33,"stat.drop.minecraft.stone_axe":2,"stat.killEntity.Zombie":17,"stat.useItem.minecraft.wooden_axe":1,"stat.mineBlock.minecraft.stone":493,"stat.mineBlock.minecraft.gold_ore":18,"stat.useItem.nocubessrparmory.twistedmallet":83,"stat.mineBlock.minecraft.tallgrass":17,"stat.craftItem.minecraft.cooked_mutton":41,"stat.diveOneCm":91400}