{"stat.chestOpened":159,"stat.useItem.minecraft.bow":1,"stat.pickup.minecraft.bone":11,"stat.craftItem.nocubessrparmory.pestilentarmorhelmet":1,"stat.useItem.minecraft.stone":1,"stat.useItem.minecraft.iron_axe":643,"stat.pickup.minecraft.gravel":4,"stat.pickup.minecraft.arrow":10,"stat.mineBlock.minecraft.cobblestone":137,"stat.craftItem.minecraft.cooked_porkchop":6,"stat.pickup.minecraft.stone_axe":1,"stat.craftItem.minecraft.iron_axe":3,"stat.craftItem.nocubessrparmory.pestilentscythe":1,"stat.mineBlock.srparasites.gore":110,"stat.pickup.minecraft.obsidian":6,"stat.useItem.minecraft.potion":2,"stat.useItem.minecraft.rotten_flesh":1,"stat.pickup.nocubessrpnests.fleshwormspike":2,"stat.pickup.srparasites.parasitecanister":5,"stat.jump":3066,"stat.swimOneCm":69700,"stat.pickup.minecraft.coal":177,"stat.fallOneCm":26419,"stat.climbOneCm":27352,"stat.pickup.minecraft.iron_ingot":60,"stat.useItem.minecraft.stone_axe":176,"stat.pickup.minecraft.porkchop":6,"stat.pickup.minecraft.gunpowder":9,"stat.crouchOneCm":41090,"stat.mineBlock.minecraft.chest":4,"stat.pickup.minecraft.spider_eye":3,"stat.craftItem.minecraft.torch":72,"stat.craftItem.minecraft.chest":4,"stat.craftItem.minecraft.iron_ingot":193,"stat.pickup.minecraft.dirt":73,"stat.craftItem.minecraft.iron_helmet":1,"stat.useItem.minecraft.dirt":42,"stat.useItem.minecraft.stone_slab2":632,"stat.pickup.nocubessrpnests.wormtooth":36,"stat.pickup.minecraft.bow":2,"stat.pickup.srparasites.ada_arachnida_drop":2,"stat.useItem.minecraft.water_bucket":9,"stat.craftingTableInteraction":67,"stat.pickup.minecraft.iron_ore":148,"stat.pickup.minecraft.rotten_flesh":20,"stat.pickup.minecraft.sand":12,"stat.craftItem.minecraft.furnace":10,"stat.boatOneCm":12821,"stat.pickup.minecraft.gold_ore":32,"stat.mineBlock.minecraft.lapis_ore":19,"stat.craftItem.minecraft.stone_axe":2,"stat.mineBlock.nocubessrpnests.nestegg":14,"stat.craftItem.minecraft.iron_boots":1,"stat.damageTaken":9807,"stat.useItem.minecraft.iron_ore":1,"stat.pickup.minecraft.leather":30,"stat.craftItem.minecraft.wooden_button":3,"stat.craftItem.minecraft.stone_pickaxe":7,"stat.useItem.srparasites.parasitecanister":1,"stat.mineBlock.minecraft.furnace":1,"stat.mineBlock.minecraft.torch":3,"stat.useItem.minecraft.wooden_pickaxe":16,"stat.useItem.minecraft.furnace":6,"stat.craftItem.minecraft.cooked_beef":48,"stat.mineBlock.minecraft.obsidian":8,"stat.pickup.minecraft.cobblestone":1159,"stat.pickup.srparasites.assimilated_flesh":55,"stat.pickup.minecraft.dye":113,"stat.pickup.minecraft.planks":41,"stat.useItem.minecraft.stone_shovel":20,"stat.flyOneCm":649394,"tombstone:undead_killed":35,"stat.useItem.tombstone.grave_key":22,"stat.pickup.minecraft.wheat_seeds":37,"stat.mineBlock.minecraft.sand":1,"stat.pickup.srparasites.canisteractive":2,"stat.entityKilledBy.Zombie":1,"stat.mineBlock.minecraft.gravel":4,"stat.useItem.minecraft.stone_pickaxe":692,"stat.useItem.minecraft.cooked_beef":48,"stat.craftItem.minecraft.iron_leggings":1,"stat.damageDealt":36548,"stat.pickup.nocubessrparmory.pestilentpart":13,"stat.pickup.minecraft.redstone":140,"stat.mineBlock.minecraft.iron_ore":154,"stat.sleepInBed":5,"stat.timeSinceDeath":1114,"stat.mineBlock.nocubessrpnests.fleshwormspike":2,"stat.killEntity.Cow":31,"stat.craftItem.nocubessrparmory.pestilentarmorlegs":1,"stat.mineBlock.minecraft.dirt":59,"stat.useItem.minecraft.iron_pickaxe":750,"stat.craftItem.nocubessrparmory.pestilentarmorboots":1,"stat.craftItem.minecraft.wooden_pickaxe":2,"stat.killEntity.Pig":5,"stat.craftItem.minecraft.iron_door":3,"stat.useItem.minecraft.iron_door":5,"stat.craftItem.minecraft.stone_shovel":3,"stat.walkOneCm":1049124,"stat.useItem.minecraft.torch":80,"stat.useItem.minecraft.bread":14,"stat.trappedChestTriggered":91,"stat.useItem.minecraft.chest":6,"stat.pickup.minecraft.stick":12,"stat.useItem.minecraft.log":2,"stat.pickup.minecraft.crafting_table":8,"stat.useItem.minecraft.cobblestone":1792,"stat.furnaceInteraction":93,"stat.craftItem.minecraft.crafting_table":3,"stat.mineBlock.nocubessrpnests.neststonelight":1,"stat.mineBlock.minecraft.double_plant":8,"stat.useItem.minecraft.cooked_porkchop":4,"stat.useItem.nocubessrparmory.pestilentscythe":293,"stat.killEntity.ZombieVillager":1,"stat.pickup.srparasites.lurecomponent2":5,"stat.useItem.minecraft.lava_bucket":2,"stat.mineBlock.minecraft.coal_ore":157,"stat.pickup.srparasites.lurecomponent3":3,"stat.craftItem.minecraft.boat":1,"stat.mineBlock.srparasites.canisteractive":2,"stat.pickup.srparasites.lurecomponent1":6,"stat.killEntity.Creeper":9,"stat.craftItem.minecraft.stone_hoe":1,"stat.pickup.minecraft.log":75,"stat.pickup.minecraft.string":10,"stat.pickup.minecraft.beef":54,"stat.pickup.minecraft.furnace":2,"stat.pickup.tombstone.crafting_ingredient":8,"stat.craftItem.nocubessrparmory.rawcarbonsteel":6,"stat.craftItem.minecraft.stone_slab2":0,"stat.craftItem.minecraft.gold_ingot":32,"stat.pickup.minecraft.stone":132,"stat.craftItem.minecraft.iron_chestplate":1,"stat.craftItem.nocubessrparmory.infestedtoolrod":2,"stat.sprintOneCm":259281,"stat.craftItem.minecraft.stick":92,"stat.craftItem.minecraft.wooden_axe":1,"stat.killEntity.Skeleton":10,"stat.mineBlock.nocubessrpnests.fleshwormacid":2,"stat.pickup.tombstone.lollipop":16,"stat.craftItem.minecraft.bucket":1,"stat.craftItem.minecraft.planks":112,"stat.mineBlock.minecraft.diamond_ore":14,"stat.pickup.nocubessrpnests.neststonelight":1,"stat.mineBlock.srparasites.infestremain":12,"stat.craftItem.nocubessrparmory.carbonsteel":6,"stat.useItem.minecraft.wheat_seeds":19,"stat.pickup.nocubessrpnests.organicsample":19,"stat.mineBlock.minecraft.crafting_table":8,"stat.useItem.minecraft.wooden_button":2,"stat.killEntity.Spider":10,"stat.useItem.minecraft.diamond_pickaxe":310,"stat.craftItem.nocubessrparmory.pestilentpart":58,"stat.mobKills":256,"stat.mineBlock.minecraft.log":75,"stat.useItem.minecraft.stone_hoe":39,"stat.useItem.minecraft.boat":1,"stat.deaths":19,"stat.drop":1,"stat.pickup.minecraft.iron_door":1,"stat.pickup.minecraft.diamond":14,"stat.pickup.minecraft.egg":1,"stat.mineBlock.minecraft.leaves":3,"stat.playOneMinute":265874,"stat.pickup.minecraft.torch":6,"stat.mineBlock.srparasites.parasitecanister":5,"stat.mineBlock.minecraft.redstone_ore":31,"stat.sneakTime":17056,"stat.craftItem.minecraft.iron_pickaxe":3,"stat.craftItem.minecraft.diamond_pickaxe":1,"stat.killEntity.Zombie":24,"stat.useItem.minecraft.wooden_axe":19,"stat.drop.minecraft.torch":1,"stat.craftItem.nocubessrparmory.pestilentarmorbody":1,"stat.mineBlock.nocubessrpnests.fleshwormteeth":36,"stat.mineBlock.minecraft.stone":1125,"stat.mineBlock.minecraft.gold_ore":34,"stat.mineBlock.minecraft.tallgrass":155,"stat.diveOneCm":189020,"stat.pickup.minecraft.chest":4}