{"stat.chestOpened":25,"stat.useItem.minecraft.stone":1,"stat.pickup.minecraft.gravel":4,"stat.pickup.minecraft.arrow":3,"stat.mineBlock.minecraft.cobblestone":6,"stat.pickup.minecraft.stone_axe":1,"stat.craftItem.minecraft.iron_axe":1,"stat.mineBlock.srparasites.gore":13,"stat.jump":655,"stat.swimOneCm":8396,"stat.pickup.minecraft.coal":116,"stat.fallOneCm":9929,"stat.climbOneCm":222,"stat.pickup.minecraft.iron_ingot":14,"stat.useItem.minecraft.stone_axe":145,"stat.crouchOneCm":17648,"stat.mineBlock.minecraft.chest":4,"stat.craftItem.minecraft.torch":40,"stat.craftItem.minecraft.chest":4,"stat.craftItem.minecraft.iron_ingot":32,"stat.pickup.minecraft.dirt":20,"stat.craftItem.minecraft.iron_helmet":1,"stat.useItem.minecraft.stone_slab2":19,"stat.pickup.minecraft.bow":1,"stat.craftingTableInteraction":25,"stat.pickup.minecraft.iron_ore":46,"stat.pickup.minecraft.rotten_flesh":3,"stat.craftItem.minecraft.furnace":3,"stat.boatOneCm":12821,"stat.mineBlock.minecraft.lapis_ore":7,"stat.craftItem.minecraft.stone_axe":2,"stat.mineBlock.nocubessrpnests.nestegg":2,"stat.craftItem.minecraft.iron_boots":1,"stat.damageTaken":1406,"stat.useItem.minecraft.iron_ore":1,"stat.pickup.minecraft.leather":8,"stat.craftItem.minecraft.stone_pickaxe":5,"stat.useItem.minecraft.wooden_pickaxe":10,"stat.useItem.minecraft.furnace":1,"stat.craftItem.minecraft.cooked_beef":19,"stat.pickup.minecraft.cobblestone":556,"stat.pickup.srparasites.assimilated_flesh":7,"stat.pickup.minecraft.dye":40,"stat.pickup.minecraft.planks":24,"stat.useItem.minecraft.stone_shovel":20,"stat.flyOneCm":86370,"tombstone:undead_killed":7,"stat.useItem.tombstone.grave_key":3,"stat.pickup.minecraft.wheat_seeds":7,"stat.mineBlock.minecraft.gravel":4,"stat.useItem.minecraft.stone_pickaxe":655,"stat.useItem.minecraft.cooked_beef":2,"stat.craftItem.minecraft.iron_leggings":1,"stat.damageDealt":4687,"stat.pickup.minecraft.redstone":22,"stat.mineBlock.minecraft.iron_ore":47,"stat.sleepInBed":3,"stat.timeSinceDeath":26350,"stat.killEntity.Cow":8,"stat.mineBlock.minecraft.dirt":21,"stat.useItem.minecraft.iron_pickaxe":91,"stat.craftItem.minecraft.wooden_pickaxe":2,"stat.craftItem.minecraft.stone_shovel":3,"stat.walkOneCm":196900,"stat.useItem.minecraft.torch":17,"stat.useItem.minecraft.chest":6,"stat.pickup.minecraft.stick":10,"stat.useItem.minecraft.log":2,"stat.pickup.minecraft.crafting_table":6,"stat.useItem.minecraft.cobblestone":165,"stat.furnaceInteraction":16,"stat.craftItem.minecraft.crafting_table":1,"stat.mineBlock.minecraft.double_plant":1,"stat.pickup.srparasites.lurecomponent2":1,"stat.mineBlock.minecraft.coal_ore":118,"stat.craftItem.minecraft.boat":1,"stat.killEntity.Creeper":1,"stat.pickup.minecraft.log":24,"stat.pickup.minecraft.beef":19,"stat.pickup.minecraft.furnace":1,"stat.craftItem.minecraft.stone_slab2":0,"stat.pickup.minecraft.stone":65,"stat.craftItem.minecraft.iron_chestplate":1,"stat.sprintOneCm":47791,"stat.craftItem.minecraft.stick":40,"stat.craftItem.minecraft.wooden_axe":1,"stat.killEntity.Skeleton":2,"stat.pickup.tombstone.lollipop":4,"stat.craftItem.minecraft.planks":88,"stat.pickup.nocubessrpnests.organicsample":3,"stat.mineBlock.minecraft.crafting_table":6,"stat.mobKills":41,"stat.mineBlock.minecraft.log":24,"stat.useItem.minecraft.boat":1,"stat.deaths":5,"stat.playOneMinute":58874,"stat.mineBlock.minecraft.redstone_ore":5,"stat.sneakTime":7453,"stat.craftItem.minecraft.iron_pickaxe":1,"stat.killEntity.Zombie":5,"stat.useItem.minecraft.wooden_axe":19,"stat.mineBlock.minecraft.stone":570,"stat.mineBlock.minecraft.tallgrass":32,"stat.diveOneCm":2091,"stat.pickup.minecraft.chest":4}