{"stat.chestOpened":2,"stat.craftItem.minecraft.stone_shovel":3,"stat.walkOneCm":53814,"stat.useItem.minecraft.torch":5,"stat.useItem.minecraft.chest":6,"stat.useItem.minecraft.stone":1,"stat.pickup.minecraft.gravel":4,"stat.pickup.minecraft.arrow":1,"stat.pickup.minecraft.crafting_table":6,"stat.useItem.minecraft.log":2,"stat.mineBlock.minecraft.cobblestone":2,"stat.useItem.minecraft.cobblestone":16,"stat.craftItem.minecraft.crafting_table":1,"stat.furnaceInteraction":1,"stat.mineBlock.minecraft.coal_ore":42,"stat.craftItem.minecraft.boat":1,"stat.pickup.minecraft.log":24,"stat.jump":142,"stat.swimOneCm":5583,"stat.pickup.minecraft.coal":42,"stat.fallOneCm":5327,"stat.climbOneCm":222,"stat.pickup.minecraft.furnace":1,"stat.useItem.minecraft.stone_axe":14,"stat.pickup.minecraft.stone":32,"stat.crouchOneCm":1511,"stat.mineBlock.minecraft.chest":4,"stat.craftItem.minecraft.torch":16,"stat.craftItem.minecraft.chest":4,"stat.pickup.minecraft.dirt":18,"stat.sprintOneCm":14476,"stat.useItem.minecraft.stone_slab2":14,"stat.craftItem.minecraft.stick":24,"stat.craftItem.minecraft.wooden_axe":1,"stat.craftingTableInteraction":12,"stat.pickup.minecraft.iron_ore":15,"stat.killEntity.Skeleton":1,"stat.craftItem.minecraft.furnace":3,"stat.boatOneCm":12821,"stat.craftItem.minecraft.planks":88,"stat.craftItem.minecraft.stone_axe":1,"stat.mineBlock.minecraft.crafting_table":6,"stat.damageTaken":270,"stat.useItem.minecraft.iron_ore":1,"stat.craftItem.minecraft.stone_pickaxe":3,"stat.useItem.minecraft.wooden_pickaxe":10,"stat.useItem.minecraft.furnace":1,"stat.pickup.minecraft.cobblestone":267,"stat.mobKills":2,"stat.mineBlock.minecraft.log":24,"stat.pickup.minecraft.planks":24,"stat.useItem.minecraft.stone_shovel":20,"stat.flyOneCm":47241,"stat.useItem.minecraft.boat":1,"stat.deaths":1,"tombstone:undead_killed":1,"stat.pickup.minecraft.wheat_seeds":2,"stat.playOneMinute":22874,"stat.mineBlock.minecraft.gravel":4,"stat.useItem.minecraft.stone_pickaxe":357,"stat.sneakTime":772,"stat.damageDealt":350,"stat.mineBlock.minecraft.iron_ore":15,"stat.sleepInBed":1,"stat.timeSinceDeath":3645,"stat.useItem.minecraft.wooden_axe":19,"stat.mineBlock.minecraft.dirt":18,"stat.craftItem.minecraft.wooden_pickaxe":2,"stat.mineBlock.minecraft.stone":306,"stat.mineBlock.minecraft.tallgrass":6,"stat.diveOneCm":1809,"stat.pickup.minecraft.chest":4}