{"stat.chestOpened":42,"stat.useItem.minecraft.stone":1,"stat.useItem.minecraft.iron_axe":66,"stat.pickup.minecraft.gravel":4,"stat.pickup.minecraft.arrow":3,"stat.mineBlock.minecraft.cobblestone":23,"stat.pickup.minecraft.stone_axe":1,"stat.craftItem.minecraft.iron_axe":1,"stat.mineBlock.srparasites.gore":19,"stat.jump":977,"stat.swimOneCm":8396,"stat.pickup.minecraft.coal":137,"stat.fallOneCm":10240,"stat.climbOneCm":222,"stat.pickup.minecraft.iron_ingot":14,"stat.useItem.minecraft.stone_axe":145,"stat.crouchOneCm":22286,"stat.mineBlock.minecraft.chest":4,"stat.craftItem.minecraft.torch":40,"stat.craftItem.minecraft.chest":4,"stat.craftItem.minecraft.iron_ingot":73,"stat.pickup.minecraft.dirt":28,"stat.craftItem.minecraft.iron_helmet":1,"stat.useItem.minecraft.stone_slab2":22,"stat.pickup.minecraft.bow":1,"stat.craftingTableInteraction":30,"stat.pickup.minecraft.iron_ore":74,"stat.pickup.minecraft.rotten_flesh":4,"stat.craftItem.minecraft.furnace":3,"stat.boatOneCm":12821,"stat.pickup.minecraft.gold_ore":15,"stat.mineBlock.minecraft.lapis_ore":7,"stat.craftItem.minecraft.stone_axe":2,"stat.mineBlock.nocubessrpnests.nestegg":2,"stat.craftItem.minecraft.iron_boots":1,"stat.damageTaken":2333,"stat.useItem.minecraft.iron_ore":1,"stat.pickup.minecraft.leather":8,"stat.craftItem.minecraft.stone_pickaxe":6,"stat.useItem.minecraft.wooden_pickaxe":10,"stat.useItem.minecraft.furnace":1,"stat.craftItem.minecraft.cooked_beef":19,"stat.pickup.minecraft.cobblestone":839,"stat.pickup.srparasites.assimilated_flesh":12,"stat.pickup.minecraft.dye":40,"stat.pickup.minecraft.planks":24,"stat.useItem.minecraft.stone_shovel":20,"stat.flyOneCm":91645,"tombstone:undead_killed":8,"stat.useItem.tombstone.grave_key":3,"stat.pickup.minecraft.wheat_seeds":9,"stat.mineBlock.minecraft.gravel":4,"stat.useItem.minecraft.stone_pickaxe":673,"stat.useItem.minecraft.cooked_beef":10,"stat.craftItem.minecraft.iron_leggings":1,"stat.damageDealt":6398,"stat.pickup.minecraft.redstone":140,"stat.mineBlock.minecraft.iron_ore":75,"stat.sleepInBed":3,"stat.timeSinceDeath":7245,"stat.killEntity.Cow":8,"stat.mineBlock.minecraft.dirt":29,"stat.useItem.minecraft.iron_pickaxe":500,"stat.craftItem.minecraft.wooden_pickaxe":2,"stat.craftItem.minecraft.stone_shovel":3,"stat.walkOneCm":273110,"stat.useItem.minecraft.torch":28,"stat.useItem.minecraft.chest":6,"stat.pickup.minecraft.stick":12,"stat.useItem.minecraft.log":2,"stat.pickup.minecraft.crafting_table":6,"stat.useItem.minecraft.cobblestone":236,"stat.furnaceInteraction":26,"stat.craftItem.minecraft.crafting_table":1,"stat.mineBlock.minecraft.double_plant":1,"stat.pickup.srparasites.lurecomponent2":3,"stat.mineBlock.minecraft.coal_ore":144,"stat.craftItem.minecraft.boat":1,"stat.killEntity.Creeper":1,"stat.pickup.minecraft.log":24,"stat.pickup.minecraft.beef":19,"stat.pickup.minecraft.furnace":1,"stat.craftItem.minecraft.stone_slab2":0,"stat.craftItem.minecraft.gold_ingot":15,"stat.pickup.minecraft.stone":81,"stat.craftItem.minecraft.iron_chestplate":1,"stat.sprintOneCm":55912,"stat.craftItem.minecraft.stick":44,"stat.craftItem.minecraft.wooden_axe":1,"stat.killEntity.Skeleton":2,"stat.pickup.tombstone.lollipop":5,"stat.craftItem.minecraft.planks":88,"stat.pickup.nocubessrpnests.organicsample":3,"stat.mineBlock.minecraft.crafting_table":6,"stat.mobKills":53,"stat.mineBlock.minecraft.log":24,"stat.useItem.minecraft.boat":1,"stat.deaths":6,"stat.drop":1,"stat.playOneMinute":83174,"stat.pickup.minecraft.torch":1,"stat.mineBlock.minecraft.redstone_ore":31,"stat.sneakTime":9398,"stat.craftItem.minecraft.iron_pickaxe":2,"stat.killEntity.Zombie":6,"stat.useItem.minecraft.wooden_axe":19,"stat.drop.minecraft.torch":1,"stat.mineBlock.minecraft.stone":881,"stat.mineBlock.minecraft.gold_ore":17,"stat.mineBlock.minecraft.tallgrass":32,"stat.diveOneCm":2091,"stat.pickup.minecraft.chest":4}