{"stat.chestOpened":75,"stat.pickup.minecraft.bone":10,"stat.useItem.minecraft.stone":15,"stat.useItem.minecraft.iron_axe":224,"stat.pickup.minecraft.arrow":8,"stat.mineBlock.minecraft.cobblestone":74,"stat.craftItem.minecraft.cooked_porkchop":20,"stat.pickup.minecraft.stone_pickaxe":1,"stat.pickup.minecraft.stone_axe":2,"stat.craftItem.minecraft.iron_axe":1,"stat.mineBlock.srparasites.gore":31,"stat.useItem.minecraft.diamond_sword":332,"stat.jump":1950,"stat.swimOneCm":139482,"stat.pickup.minecraft.coal":178,"stat.fallOneCm":21839,"stat.useItem.minecraft.planks":943,"stat.pickup.minecraft.iron_ingot":10,"stat.useItem.minecraft.stone_axe":368,"stat.pickup.minecraft.gunpowder":6,"stat.pickup.minecraft.porkchop":20,"stat.crouchOneCm":78627,"stat.craftItem.minecraft.chest":8,"stat.craftItem.minecraft.torch":72,"stat.craftItem.minecraft.iron_ingot":53,"stat.pickup.minecraft.dirt":32,"stat.useItem.minecraft.dirt":5,"stat.craftItem.minecraft.iron_helmet":1,"stat.craftItem.nocubessrparmory.twistedpart":6,"stat.useItem.minecraft.stone_slab2":1955,"stat.craftingTableInteraction":51,"stat.pickup.minecraft.iron_ore":53,"stat.pickup.minecraft.rotten_flesh":17,"stat.pickup.minecraft.sand":1,"stat.craftItem.minecraft.furnace":3,"stat.pickup.minecraft.gold_ore":18,"stat.mineBlock.minecraft.lapis_ore":5,"stat.craftItem.minecraft.stone_axe":4,"stat.craftItem.minecraft.iron_boots":1,"stat.damageTaken":5354,"stat.pickup.minecraft.feather":6,"stat.craftItem.minecraft.wooden_button":4,"stat.craftItem.minecraft.stone_pickaxe":6,"stat.mineBlock.minecraft.torch":5,"stat.mineBlock.minecraft.furnace":1,"stat.useItem.minecraft.wooden_pickaxe":7,"stat.useItem.minecraft.furnace":1,"stat.pickup.minecraft.cobblestone":555,"stat.pickup.srparasites.ada_yelloweye_drop":1,"stat.pickup.srparasites.assimilated_flesh":19,"stat.pickup.minecraft.dye":49,"stat.pickup.minecraft.planks":82,"stat.flyOneCm":504148,"stat.pickup.minecraft.bed":3,"tombstone:undead_killed":27,"stat.useItem.tombstone.grave_key":4,"stat.mineBlock.minecraft.sand":1,"stat.useItem.minecraft.stone_pickaxe":664,"stat.craftItem.minecraft.iron_leggings":1,"stat.damageDealt":22004,"stat.mineBlock.minecraft.iron_ore":53,"stat.sleepInBed":5,"stat.timeSinceDeath":36980,"stat.mineBlock.minecraft.dirt":16,"stat.useItem.minecraft.iron_pickaxe":184,"stat.craftItem.minecraft.wooden_pickaxe":1,"stat.killEntity.Pig":12,"stat.pickup.minecraft.mutton":41,"stat.craftItem.minecraft.iron_door":6,"stat.useItem.minecraft.iron_door":6,"stat.pickup.minecraft.double_plant":2,"stat.walkOneCm":738082,"stat.craftItem.minecraft.bed":1,"stat.useItem.minecraft.torch":64,"stat.useItem.minecraft.chest":2,"stat.useItem.minecraft.log":15,"stat.pickup.minecraft.crafting_table":5,"stat.useItem.minecraft.cobblestone":396,"stat.craftItem.minecraft.crafting_table":2,"stat.furnaceInteraction":24,"stat.mineBlock.minecraft.double_plant":2,"stat.pickup.minecraft.iron_shovel":1,"stat.killEntity.ZombieVillager":1,"stat.pickup.srparasites.lurecomponent2":2,"stat.useItem.minecraft.lava_bucket":64,"stat.mineBlock.minecraft.coal_ore":179,"stat.pickup.srparasites.lurecomponent3":1,"stat.pickup.srparasites.lurecomponent1":32,"stat.killEntity.Creeper":6,"stat.mineBlock.minecraft.emerald_ore":1,"stat.pickup.srparasites.lurecomponent4":1,"stat.pickup.minecraft.log":279,"stat.pickup.minecraft.string":3,"stat.drop.minecraft.iron_door":1,"stat.useItem.minecraft.cooked_mutton":23,"stat.pickup.minecraft.furnace":1,"stat.pickup.tombstone.crafting_ingredient":7,"stat.entityKilledBy.Skeleton":2,"stat.craftItem.minecraft.stone_slab2":0,"stat.craftItem.minecraft.gold_ingot":18,"stat.pickup.minecraft.stone":64,"stat.craftItem.minecraft.iron_chestplate":1,"stat.pickup.minecraft.chicken":6,"stat.pickup.minecraft.sapling":20,"stat.killEntity.Squid":11,"stat.sprintOneCm":251973,"stat.pickup.minecraft.wooden_door":16,"stat.pickup.minecraft.apple":3,"stat.craftItem.minecraft.stick":56,"stat.craftItem.minecraft.wooden_axe":1,"stat.killEntity.Skeleton":9,"stat.pickup.tombstone.lollipop":6,"stat.craftItem.minecraft.bucket":2,"stat.craftItem.minecraft.planks":1056,"stat.killEntity.Chicken":6,"stat.mineBlock.minecraft.crafting_table":5,"stat.killEntity.Spider":2,"stat.useItem.minecraft.wooden_button":3,"stat.mobKills":175,"stat.pickup.minecraft.emerald":1,"stat.mineBlock.minecraft.log":291,"stat.craftItem.minecraft.wooden_door":12,"stat.craftItem.minecraft.cooked_chicken":6,"stat.useItem.minecraft.wooden_door":18,"stat.craftItem.nocubessrparmory.twistedmallet":1,"stat.deaths":14,"stat.mineBlock.minecraft.planks":48,"stat.drop":5,"stat.pickup.minecraft.iron_door":3,"stat.mineBlock.minecraft.leaves":53,"stat.pickup.minecraft.egg":3,"stat.playOneMinute":216347,"stat.pickup.minecraft.torch":11,"stat.killEntity.Sheep":37,"stat.drop.tombstone.grave_key":1,"stat.pickup.tombstone.grave_key":1,"stat.sneakTime":23092,"stat.craftItem.minecraft.iron_pickaxe":1,"stat.pickup.minecraft.wool":33,"stat.drop.minecraft.stone_axe":2,"stat.killEntity.Zombie":17,"stat.useItem.minecraft.wooden_axe":1,"stat.drop.minecraft.torch":1,"stat.mineBlock.minecraft.stone":493,"stat.mineBlock.minecraft.gold_ore":18,"stat.useItem.nocubessrparmory.twistedmallet":134,"stat.mineBlock.minecraft.tallgrass":17,"stat.craftItem.minecraft.cooked_mutton":41,"stat.diveOneCm":103282}