{"stat.chestOpened":16,"stat.craftItem.minecraft.stone_shovel":3,"stat.walkOneCm":168693,"stat.useItem.minecraft.torch":14,"stat.useItem.minecraft.chest":6,"stat.useItem.minecraft.stone":1,"stat.pickup.minecraft.gravel":4,"stat.pickup.minecraft.arrow":3,"stat.pickup.minecraft.crafting_table":6,"stat.useItem.minecraft.log":2,"stat.mineBlock.minecraft.cobblestone":3,"stat.useItem.minecraft.cobblestone":88,"stat.craftItem.minecraft.crafting_table":1,"stat.furnaceInteraction":11,"stat.pickup.minecraft.stone_axe":1,"stat.mineBlock.minecraft.double_plant":1,"stat.pickup.srparasites.lurecomponent2":1,"stat.mineBlock.minecraft.coal_ore":82,"stat.mineBlock.srparasites.gore":13,"stat.craftItem.minecraft.boat":1,"stat.killEntity.Creeper":1,"stat.pickup.minecraft.log":24,"stat.jump":592,"stat.swimOneCm":6167,"stat.pickup.minecraft.coal":82,"stat.fallOneCm":9720,"stat.climbOneCm":222,"stat.pickup.minecraft.beef":19,"stat.pickup.minecraft.furnace":1,"stat.useItem.minecraft.stone_axe":145,"stat.craftItem.minecraft.stone_slab2":0,"stat.pickup.minecraft.stone":33,"stat.craftItem.minecraft.iron_chestplate":1,"stat.crouchOneCm":11986,"stat.mineBlock.minecraft.chest":4,"stat.craftItem.minecraft.torch":16,"stat.craftItem.minecraft.chest":4,"stat.craftItem.minecraft.iron_ingot":17,"stat.pickup.minecraft.dirt":18,"stat.craftItem.minecraft.iron_helmet":1,"stat.sprintOneCm":47547,"stat.useItem.minecraft.stone_slab2":16,"stat.pickup.minecraft.bow":1,"stat.craftItem.minecraft.stick":28,"stat.craftItem.minecraft.wooden_axe":1,"stat.craftingTableInteraction":19,"stat.pickup.minecraft.iron_ore":31,"stat.pickup.minecraft.rotten_flesh":3,"stat.killEntity.Skeleton":2,"stat.craftItem.minecraft.furnace":3,"stat.boatOneCm":12821,"stat.pickup.tombstone.lollipop":4,"stat.craftItem.minecraft.planks":88,"stat.craftItem.minecraft.stone_axe":2,"stat.mineBlock.nocubessrpnests.nestegg":2,"stat.craftItem.minecraft.iron_boots":1,"stat.pickup.nocubessrpnests.organicsample":3,"stat.mineBlock.minecraft.crafting_table":6,"stat.damageTaken":1406,"stat.useItem.minecraft.iron_ore":1,"stat.pickup.minecraft.leather":8,"stat.craftItem.minecraft.stone_pickaxe":4,"stat.useItem.minecraft.wooden_pickaxe":10,"stat.useItem.minecraft.furnace":1,"stat.craftItem.minecraft.cooked_beef":19,"stat.pickup.minecraft.cobblestone":370,"stat.mobKills":41,"stat.pickup.srparasites.assimilated_flesh":7,"stat.mineBlock.minecraft.log":24,"stat.pickup.minecraft.planks":24,"stat.useItem.minecraft.stone_shovel":20,"stat.flyOneCm":86370,"stat.useItem.minecraft.boat":1,"stat.deaths":5,"tombstone:undead_killed":7,"stat.useItem.tombstone.grave_key":3,"stat.pickup.minecraft.wheat_seeds":7,"stat.playOneMinute":47174,"stat.mineBlock.minecraft.gravel":4,"stat.useItem.minecraft.stone_pickaxe":521,"stat.useItem.minecraft.cooked_beef":2,"stat.sneakTime":4616,"stat.damageDealt":4687,"stat.mineBlock.minecraft.iron_ore":31,"stat.sleepInBed":2,"stat.killEntity.Zombie":5,"stat.timeSinceDeath":14650,"stat.useItem.minecraft.wooden_axe":19,"stat.killEntity.Cow":8,"stat.mineBlock.minecraft.dirt":19,"stat.craftItem.minecraft.wooden_pickaxe":2,"stat.mineBlock.minecraft.stone":412,"stat.mineBlock.minecraft.tallgrass":32,"stat.diveOneCm":2091,"stat.pickup.minecraft.chest":4}