{"stat.chestOpened":43,"stat.useItem.minecraft.bow":1,"stat.useItem.minecraft.stone":1,"stat.useItem.minecraft.iron_axe":180,"stat.pickup.minecraft.gravel":4,"stat.pickup.minecraft.arrow":3,"stat.mineBlock.minecraft.cobblestone":30,"stat.pickup.minecraft.stone_axe":1,"stat.craftItem.minecraft.iron_axe":1,"stat.mineBlock.srparasites.gore":46,"stat.jump":1297,"stat.swimOneCm":9082,"stat.pickup.minecraft.coal":137,"stat.fallOneCm":14689,"stat.climbOneCm":222,"stat.pickup.minecraft.iron_ingot":14,"stat.useItem.minecraft.stone_axe":145,"stat.crouchOneCm":22590,"stat.mineBlock.minecraft.chest":4,"stat.craftItem.minecraft.torch":40,"stat.craftItem.minecraft.chest":4,"stat.craftItem.minecraft.iron_ingot":73,"stat.pickup.minecraft.dirt":28,"stat.craftItem.minecraft.iron_helmet":1,"stat.useItem.minecraft.stone_slab2":24,"stat.pickup.minecraft.bow":1,"stat.craftingTableInteraction":30,"stat.pickup.minecraft.iron_ore":74,"stat.pickup.minecraft.rotten_flesh":4,"stat.pickup.minecraft.sand":1,"stat.craftItem.minecraft.furnace":3,"stat.boatOneCm":12821,"stat.pickup.minecraft.gold_ore":15,"stat.mineBlock.minecraft.lapis_ore":7,"stat.craftItem.minecraft.stone_axe":2,"stat.mineBlock.nocubessrpnests.nestegg":14,"stat.craftItem.minecraft.iron_boots":1,"stat.damageTaken":4057,"stat.useItem.minecraft.iron_ore":1,"stat.pickup.minecraft.leather":14,"stat.craftItem.minecraft.stone_pickaxe":6,"stat.useItem.minecraft.wooden_pickaxe":10,"stat.useItem.minecraft.furnace":1,"stat.craftItem.minecraft.cooked_beef":19,"stat.pickup.minecraft.cobblestone":846,"stat.pickup.srparasites.assimilated_flesh":17,"stat.pickup.minecraft.dye":40,"stat.pickup.minecraft.planks":24,"stat.useItem.minecraft.stone_shovel":20,"stat.flyOneCm":132879,"tombstone:undead_killed":8,"stat.useItem.tombstone.grave_key":8,"stat.pickup.minecraft.wheat_seeds":12,"stat.mineBlock.minecraft.sand":1,"stat.mineBlock.minecraft.gravel":4,"stat.useItem.minecraft.stone_pickaxe":692,"stat.useItem.minecraft.cooked_beef":14,"stat.craftItem.minecraft.iron_leggings":1,"stat.damageDealt":9121,"stat.pickup.minecraft.redstone":140,"stat.mineBlock.minecraft.iron_ore":75,"stat.sleepInBed":3,"stat.timeSinceDeath":763,"stat.killEntity.Cow":9,"stat.mineBlock.minecraft.dirt":29,"stat.useItem.minecraft.iron_pickaxe":500,"stat.craftItem.minecraft.wooden_pickaxe":2,"stat.craftItem.minecraft.stone_shovel":3,"stat.walkOneCm":366701,"stat.useItem.minecraft.torch":28,"stat.useItem.minecraft.chest":6,"stat.pickup.minecraft.stick":12,"stat.useItem.minecraft.log":2,"stat.pickup.minecraft.crafting_table":6,"stat.useItem.minecraft.cobblestone":294,"stat.furnaceInteraction":26,"stat.craftItem.minecraft.crafting_table":1,"stat.mineBlock.minecraft.double_plant":4,"stat.pickup.srparasites.lurecomponent2":3,"stat.mineBlock.minecraft.coal_ore":144,"stat.craftItem.minecraft.boat":1,"stat.pickup.srparasites.lurecomponent1":1,"stat.killEntity.Creeper":1,"stat.pickup.minecraft.log":24,"stat.pickup.minecraft.beef":21,"stat.pickup.minecraft.furnace":1,"stat.craftItem.minecraft.stone_slab2":0,"stat.craftItem.minecraft.gold_ingot":15,"stat.pickup.minecraft.stone":81,"stat.craftItem.minecraft.iron_chestplate":1,"stat.sprintOneCm":86603,"stat.craftItem.minecraft.stick":44,"stat.craftItem.minecraft.wooden_axe":1,"stat.killEntity.Skeleton":2,"stat.pickup.tombstone.lollipop":6,"stat.craftItem.minecraft.planks":88,"stat.pickup.nocubessrpnests.organicsample":19,"stat.mineBlock.minecraft.crafting_table":6,"stat.mobKills":79,"stat.mineBlock.minecraft.log":24,"stat.useItem.minecraft.boat":1,"stat.deaths":11,"stat.drop":1,"stat.playOneMinute":95774,"stat.pickup.minecraft.torch":1,"stat.mineBlock.minecraft.redstone_ore":31,"stat.sneakTime":9505,"stat.craftItem.minecraft.iron_pickaxe":2,"stat.killEntity.Zombie":6,"stat.useItem.minecraft.wooden_axe":19,"stat.drop.minecraft.torch":1,"stat.mineBlock.minecraft.stone":881,"stat.mineBlock.minecraft.gold_ore":17,"stat.mineBlock.minecraft.tallgrass":67,"stat.diveOneCm":2298,"stat.pickup.minecraft.chest":4}