{"stat.useItem.minecraft.bow":13,"stat.pickup.minecraft.bone":24,"stat.craftItem.nocubessrparmory.pestilentarmorhelmet":1,"stat.useItem.minecraft.iron_axe":643,"stat.mineBlock.minecraft.cobblestone":164,"stat.pickup.nocubessrpnests.wormacid":10,"stat.craftItem.minecraft.iron_axe":3,"stat.mineBlock.srparasites.gore":140,"stat.pickup.nocubessrpnests.fleshwormspike":6,"stat.pickup.srparasites.parasitecanister":5,"stat.pickup.nocubessrpnests.wormtoothblade":4,"stat.swimOneCm":81137,"stat.climbOneCm":47066,"stat.pickup.minecraft.glowstone_dust":4,"stat.pickup.minecraft.porkchop":12,"stat.pickup.nocubessrparmory.pestilentarmorbody":1,"stat.useItem.minecraft.dirt":43,"stat.useItem.minecraft.stone_slab2":632,"stat.pickup.nocubessrparmory.gorearmorlegs":1,"stat.pickup.minecraft.bow":5,"stat.pickup.srparasites.ada_arachnida_drop":8,"stat.useItem.minecraft.water_bucket":14,"stat.pickup.minecraft.rotten_flesh":36,"stat.pickup.minecraft.sand":13,"stat.craftItem.minecraft.furnace":10,"stat.craftItem.minecraft.stone_axe":2,"stat.mineBlock.nocubessrpnests.nestegg":14,"stat.craftItem.minecraft.iron_boots":1,"stat.useItem.minecraft.iron_ore":1,"stat.useItem.srparasites.parasitecanister":1,"stat.craftItem.minecraft.stone_pickaxe":7,"stat.craftItem.minecraft.cooked_beef":54,"stat.mineBlock.minecraft.obsidian":8,"stat.pickup.minecraft.cobblestone":1268,"stat.useItem.minecraft.stone_shovel":20,"stat.flyOneCm":1166538,"stat.craftItem.nocubessrparmory.gorearmorlegs":1,"stat.mineBlock.minecraft.sand":2,"stat.killEntity.Witch":1,"tombstone:villager_killed":1,"stat.useItem.minecraft.cooked_beef":48,"stat.useItem.nocubessrpnests.wormtoothpickaxe":33,"stat.killEntity.Villager":1,"stat.pickup.nocubessrparmory.pestilentpart":13,"stat.pickup.minecraft.redstone":140,"stat.mineBlock.minecraft.iron_ore":154,"stat.timeSinceDeath":4482,"stat.craftItem.nocubessrpnests.wormtoothblade":4,"stat.craftItem.nocubessrparmory.pestilentarmorlegs":1,"stat.useItem.minecraft.iron_pickaxe":750,"stat.craftItem.minecraft.wooden_pickaxe":2,"stat.craftItem.minecraft.iron_door":3,"stat.useItem.minecraft.iron_door":5,"stat.trappedChestTriggered":142,"stat.craftItem.nocubessrpnests.wormtoothpickaxe":1,"stat.furnaceInteraction":105,"stat.useItem.minecraft.cooked_porkchop":4,"stat.useItem.nocubessrparmory.pestilentscythe":841,"stat.killEntity.ZombieVillager":1,"stat.pickup.srparasites.lurecomponent2":11,"stat.mineBlock.minecraft.coal_ore":157,"stat.pickup.srparasites.lurecomponent3":4,"stat.pickup.srparasites.lurecomponent1":11,"stat.killEntity.Creeper":10,"stat.craftItem.minecraft.stone_hoe":1,"stat.pickup.srparasites.lurecomponent4":7,"stat.pickup.minecraft.string":23,"stat.craftItem.nocubessrpnests.crateorganicsample":1,"stat.pickup.minecraft.beef":65,"stat.pickup.minecraft.furnace":2,"stat.pickup.tombstone.crafting_ingredient":23,"stat.craftItem.minecraft.stone_slab2":0,"stat.pickup.nocubessrparmory.pestilentarmorlegs":1,"stat.craftItem.nocubessrparmory.infestedtoolrod":2,"stat.sprintOneCm":368580,"stat.craftItem.minecraft.stick":100,"stat.craftItem.minecraft.wooden_axe":1,"stat.pickup.srparasites.dispatchern":2,"stat.pickup.tombstone.lollipop":20,"stat.mineBlock.minecraft.diamond_ore":14,"stat.pickup.nocubessrpnests.neststonelight":2,"stat.craftItem.nocubessrparmory.carbonsteel":6,"stat.useItem.minecraft.wheat_seeds":19,"stat.pickup.nocubessrpnests.organicsample":19,"stat.useItem.minecraft.wooden_button":2,"stat.mineBlock.minecraft.crafting_table":8,"stat.pickup.srparasites.ada_manducater_drop":1,"stat.useItem.minecraft.diamond_pickaxe":328,"stat.craftItem.nocubessrparmory.gorearmorbody":1,"stat.deaths":25,"stat.drop":1,"stat.pickup.minecraft.egg":1,"stat.playOneMinute":338774,"stat.craftItem.minecraft.iron_pickaxe":3,"stat.craftItem.minecraft.diamond_pickaxe":1,"stat.killEntity.Zombie":32,"stat.drop.minecraft.torch":1,"stat.mineBlock.nocubessrpnests.fleshwormteeth":36,"stat.mineBlock.minecraft.gold_ore":34,"stat.mineBlock.minecraft.tallgrass":209,"stat.diveOneCm":202778,"stat.chestOpened":161,"stat.mineBlock.srparasites.dispatchern":2,"stat.useItem.minecraft.stone":1,"stat.pickup.minecraft.gravel":4,"stat.pickup.minecraft.arrow":22,"stat.craftItem.minecraft.cooked_porkchop":6,"stat.pickup.minecraft.stone_axe":1,"stat.craftItem.nocubessrparmory.pestilentscythe":1,"stat.pickup.minecraft.obsidian":6,"stat.useItem.minecraft.potion":2,"stat.useItem.minecraft.rotten_flesh":1,"stat.jump":3689,"stat.pickup.minecraft.coal":177,"stat.fallOneCm":36708,"stat.pickup.minecraft.iron_ingot":60,"stat.useItem.minecraft.stone_axe":176,"stat.pickup.minecraft.gunpowder":15,"stat.crouchOneCm":46988,"stat.mineBlock.minecraft.chest":4,"stat.pickup.minecraft.spider_eye":9,"stat.craftItem.minecraft.torch":72,"stat.craftItem.minecraft.chest":4,"stat.craftItem.minecraft.iron_ingot":193,"stat.craftItem.minecraft.iron_helmet":1,"stat.pickup.minecraft.dirt":143,"stat.pickup.nocubessrpnests.wormtooth":72,"stat.craftingTableInteraction":77,"stat.pickup.minecraft.iron_ore":148,"stat.pickup.nocubessrparmory.pestilentscythe":2,"stat.boatOneCm":12821,"stat.pickup.minecraft.gold_ore":32,"stat.mineBlock.minecraft.lapis_ore":19,"stat.pickup.nocubessrparmory.pestilentarmorhelmet":2,"stat.pickup.nocubessrparmory.gorearmorbody":1,"stat.damageTaken":12617,"stat.pickup.minecraft.leather":35,"stat.pickup.minecraft.feather":3,"stat.craftItem.minecraft.wooden_button":3,"stat.mineBlock.minecraft.furnace":1,"stat.mineBlock.minecraft.torch":3,"stat.useItem.minecraft.furnace":6,"stat.useItem.minecraft.wooden_pickaxe":16,"stat.pickup.srparasites.assimilated_flesh":105,"stat.pickup.minecraft.dye":113,"stat.pickup.minecraft.planks":41,"tombstone:undead_killed":52,"stat.useItem.tombstone.grave_key":22,"stat.pickup.minecraft.wheat_seeds":50,"stat.pickup.srparasites.canisteractive":2,"stat.entityKilledBy.Zombie":1,"stat.mineBlock.minecraft.gravel":4,"stat.useItem.minecraft.stone_pickaxe":692,"stat.pickup.srparasites.dispatcher_drop":9,"stat.craftItem.minecraft.iron_leggings":1,"stat.damageDealt":57101,"stat.sleepInBed":5,"stat.mineBlock.nocubessrpnests.fleshwormspike":4,"stat.killEntity.Cow":36,"stat.mineBlock.minecraft.dirt":59,"stat.craftItem.nocubessrparmory.pestilentarmorboots":1,"stat.killEntity.Pig":7,"stat.craftItem.minecraft.stone_shovel":3,"stat.walkOneCm":1260146,"stat.useItem.minecraft.torch":80,"stat.useItem.minecraft.bread":36,"stat.useItem.minecraft.chest":6,"stat.pickup.minecraft.stick":12,"stat.pickup.minecraft.diamond_pickaxe":2,"stat.useItem.minecraft.log":2,"stat.pickup.minecraft.crafting_table":8,"stat.useItem.minecraft.cobblestone":1869,"stat.craftItem.minecraft.crafting_table":3,"stat.mineBlock.nocubessrpnests.neststonelight":1,"stat.mineBlock.minecraft.double_plant":8,"stat.useItem.minecraft.lava_bucket":13,"stat.craftItem.minecraft.boat":1,"stat.mineBlock.srparasites.canisteractive":2,"stat.pickup.minecraft.log":75,"stat.craftItem.nocubessrparmory.gorepart":14,"stat.craftItem.nocubessrparmory.rawcarbonsteel":31,"stat.craftItem.minecraft.gold_ingot":32,"stat.pickup.minecraft.stone":132,"stat.craftItem.minecraft.iron_chestplate":1,"stat.pickup.minecraft.chicken":3,"stat.pickup.nocubessrparmory.pestilentarmorboots":2,"stat.killEntity.Skeleton":19,"stat.mineBlock.nocubessrpnests.fleshwormacid":12,"stat.craftItem.minecraft.bucket":1,"stat.craftItem.minecraft.planks":264,"stat.pickup.nocubessrpnests.wormtoothpickaxe":1,"stat.killEntity.Chicken":3,"stat.mineBlock.srparasites.infestremain":12,"stat.killEntity.Spider":18,"stat.pickup.minecraft.bread":219,"stat.craftItem.nocubessrparmory.pestilentpart":152,"stat.mobKills":394,"stat.mineBlock.minecraft.log":75,"stat.useItem.minecraft.stone_hoe":39,"stat.useItem.minecraft.golden_apple":7,"stat.useItem.minecraft.boat":1,"stat.pickup.minecraft.water_bucket":2,"stat.pickup.minecraft.iron_door":1,"stat.pickup.minecraft.diamond":14,"stat.mineBlock.minecraft.leaves":5,"stat.pickup.minecraft.torch":6,"stat.mineBlock.srparasites.parasitecanister":5,"stat.mineBlock.minecraft.redstone_ore":31,"stat.sneakTime":20605,"stat.pickup.minecraft.lava_bucket":2,"stat.useItem.minecraft.wooden_axe":19,"stat.craftItem.nocubessrparmory.pestilentarmorbody":1,"stat.mineBlock.minecraft.stone":1125,"stat.pickup.minecraft.chest":4}