{"stat.chestOpened":28,"stat.pickup.minecraft.bone":3,"stat.useItem.minecraft.stone":14,"stat.pickup.minecraft.arrow":2,"stat.mineBlock.minecraft.cobblestone":17,"stat.pickup.minecraft.stone_pickaxe":1,"stat.pickup.minecraft.stone_axe":2,"stat.mineBlock.srparasites.gore":16,"stat.useItem.minecraft.diamond_sword":29,"stat.jump":868,"stat.swimOneCm":14944,"stat.pickup.minecraft.coal":151,"stat.fallOneCm":9425,"stat.useItem.minecraft.planks":176,"stat.useItem.minecraft.stone_axe":293,"stat.crouchOneCm":19740,"stat.craftItem.minecraft.chest":2,"stat.craftItem.minecraft.torch":16,"stat.pickup.minecraft.dirt":23,"stat.useItem.minecraft.dirt":5,"stat.useItem.minecraft.stone_slab2":25,"stat.craftingTableInteraction":25,"stat.pickup.minecraft.iron_ore":5,"stat.pickup.minecraft.rotten_flesh":5,"stat.pickup.minecraft.sand":1,"stat.craftItem.minecraft.furnace":3,"stat.craftItem.minecraft.stone_axe":4,"stat.damageTaken":2859,"stat.craftItem.minecraft.stone_pickaxe":6,"stat.mineBlock.minecraft.torch":4,"stat.mineBlock.minecraft.furnace":1,"stat.useItem.minecraft.wooden_pickaxe":7,"stat.useItem.minecraft.furnace":1,"stat.pickup.minecraft.cobblestone":367,"stat.pickup.srparasites.assimilated_flesh":9,"stat.pickup.minecraft.planks":4,"stat.flyOneCm":83159,"stat.pickup.minecraft.bed":1,"tombstone:undead_killed":6,"stat.useItem.tombstone.grave_key":1,"stat.mineBlock.minecraft.sand":1,"stat.useItem.minecraft.stone_pickaxe":546,"stat.damageDealt":5976,"stat.mineBlock.minecraft.iron_ore":5,"stat.sleepInBed":1,"stat.timeSinceDeath":3516,"stat.mineBlock.minecraft.dirt":13,"stat.craftItem.minecraft.wooden_pickaxe":1,"stat.pickup.minecraft.mutton":20,"stat.pickup.minecraft.double_plant":2,"stat.walkOneCm":268897,"stat.craftItem.minecraft.bed":1,"stat.useItem.minecraft.torch":18,"stat.useItem.minecraft.chest":1,"stat.useItem.minecraft.log":8,"stat.pickup.minecraft.crafting_table":5,"stat.useItem.minecraft.cobblestone":55,"stat.craftItem.minecraft.crafting_table":2,"stat.furnaceInteraction":11,"stat.mineBlock.minecraft.double_plant":1,"stat.pickup.srparasites.lurecomponent2":1,"stat.mineBlock.minecraft.coal_ore":151,"stat.pickup.srparasites.lurecomponent1":9,"stat.pickup.minecraft.log":96,"stat.useItem.minecraft.cooked_mutton":7,"stat.pickup.minecraft.furnace":1,"stat.pickup.tombstone.crafting_ingredient":1,"stat.craftItem.minecraft.stone_slab2":0,"stat.pickup.minecraft.stone":47,"stat.pickup.minecraft.sapling":9,"stat.sprintOneCm":67100,"stat.pickup.minecraft.apple":2,"stat.craftItem.minecraft.stick":56,"stat.craftItem.minecraft.wooden_axe":1,"stat.killEntity.Skeleton":2,"stat.pickup.tombstone.lollipop":3,"stat.craftItem.minecraft.planks":352,"stat.mineBlock.minecraft.crafting_table":5,"stat.mobKills":54,"stat.mineBlock.minecraft.log":98,"stat.deaths":9,"stat.mineBlock.minecraft.planks":6,"stat.drop":2,"stat.mineBlock.minecraft.leaves":23,"stat.playOneMinute":70547,"stat.pickup.minecraft.torch":4,"stat.killEntity.Sheep":17,"stat.sneakTime":7656,"stat.pickup.minecraft.wool":17,"stat.drop.minecraft.stone_axe":2,"stat.killEntity.Zombie":4,"stat.useItem.minecraft.wooden_axe":1,"stat.mineBlock.minecraft.stone":365,"stat.mineBlock.minecraft.tallgrass":4,"stat.craftItem.minecraft.cooked_mutton":20,"stat.diveOneCm":22549}