{"stat.chestOpened":8,"stat.pickup.minecraft.double_plant":2,"stat.walkOneCm":106445,"stat.useItem.minecraft.torch":6,"stat.pickup.minecraft.bone":2,"stat.useItem.minecraft.chest":1,"stat.pickup.minecraft.crafting_table":2,"stat.useItem.minecraft.log":8,"stat.useItem.minecraft.cobblestone":16,"stat.craftItem.minecraft.crafting_table":1,"stat.pickup.minecraft.stone_axe":2,"stat.mineBlock.minecraft.double_plant":1,"stat.mineBlock.minecraft.coal_ore":3,"stat.mineBlock.srparasites.gore":7,"stat.pickup.srparasites.lurecomponent1":6,"stat.pickup.minecraft.log":74,"stat.jump":314,"stat.swimOneCm":1810,"stat.pickup.minecraft.coal":3,"stat.fallOneCm":3342,"stat.useItem.minecraft.planks":103,"stat.useItem.minecraft.stone_axe":142,"stat.crouchOneCm":7008,"stat.craftItem.minecraft.chest":2,"stat.craftItem.minecraft.torch":12,"stat.pickup.minecraft.sapling":4,"stat.sprintOneCm":10045,"stat.useItem.minecraft.stone_slab2":7,"stat.pickup.minecraft.apple":1,"stat.craftItem.minecraft.stick":24,"stat.craftItem.minecraft.wooden_axe":1,"stat.craftingTableInteraction":11,"stat.killEntity.Skeleton":1,"stat.pickup.minecraft.sand":1,"stat.craftItem.minecraft.furnace":2,"stat.craftItem.minecraft.planks":148,"stat.craftItem.minecraft.stone_axe":2,"stat.mineBlock.minecraft.crafting_table":2,"stat.damageTaken":1314,"stat.craftItem.minecraft.stone_pickaxe":1,"stat.useItem.minecraft.wooden_pickaxe":7,"stat.useItem.minecraft.furnace":1,"stat.mobKills":10,"stat.pickup.minecraft.cobblestone":92,"stat.pickup.srparasites.assimilated_flesh":1,"stat.mineBlock.minecraft.log":76,"stat.pickup.minecraft.planks":2,"stat.flyOneCm":17336,"stat.deaths":5,"stat.mineBlock.minecraft.planks":4,"tombstone:undead_killed":2,"stat.drop":2,"stat.mineBlock.minecraft.leaves":11,"stat.mineBlock.minecraft.sand":1,"stat.playOneMinute":21947,"stat.useItem.minecraft.stone_pickaxe":49,"stat.sneakTime":2108,"stat.damageDealt":1441,"stat.drop.minecraft.stone_axe":2,"stat.killEntity.Zombie":1,"stat.timeSinceDeath":917,"stat.useItem.minecraft.wooden_axe":1,"stat.craftItem.minecraft.wooden_pickaxe":1,"stat.mineBlock.minecraft.stone":53,"stat.mineBlock.minecraft.tallgrass":2,"stat.diveOneCm":530}