{"stat.chestOpened":29,"stat.useItem.minecraft.stone":1,"stat.pickup.minecraft.gravel":4,"stat.pickup.minecraft.arrow":3,"stat.mineBlock.minecraft.cobblestone":8,"stat.pickup.minecraft.stone_axe":1,"stat.craftItem.minecraft.iron_axe":1,"stat.mineBlock.srparasites.gore":13,"stat.jump":737,"stat.swimOneCm":8396,"stat.pickup.minecraft.coal":131,"stat.fallOneCm":9929,"stat.climbOneCm":222,"stat.pickup.minecraft.iron_ingot":14,"stat.useItem.minecraft.stone_axe":145,"stat.crouchOneCm":20862,"stat.mineBlock.minecraft.chest":4,"stat.craftItem.minecraft.torch":40,"stat.craftItem.minecraft.chest":4,"stat.craftItem.minecraft.iron_ingot":36,"stat.pickup.minecraft.dirt":22,"stat.craftItem.minecraft.iron_helmet":1,"stat.useItem.minecraft.stone_slab2":20,"stat.pickup.minecraft.bow":1,"stat.craftingTableInteraction":27,"stat.pickup.minecraft.iron_ore":74,"stat.pickup.minecraft.rotten_flesh":3,"stat.craftItem.minecraft.furnace":3,"stat.boatOneCm":12821,"stat.pickup.minecraft.gold_ore":15,"stat.mineBlock.minecraft.lapis_ore":7,"stat.craftItem.minecraft.stone_axe":2,"stat.mineBlock.nocubessrpnests.nestegg":2,"stat.craftItem.minecraft.iron_boots":1,"stat.damageTaken":1406,"stat.useItem.minecraft.iron_ore":1,"stat.pickup.minecraft.leather":8,"stat.craftItem.minecraft.stone_pickaxe":5,"stat.useItem.minecraft.wooden_pickaxe":10,"stat.useItem.minecraft.furnace":1,"stat.craftItem.minecraft.cooked_beef":19,"stat.pickup.minecraft.cobblestone":791,"stat.pickup.srparasites.assimilated_flesh":7,"stat.pickup.minecraft.dye":40,"stat.pickup.minecraft.planks":24,"stat.useItem.minecraft.stone_shovel":20,"stat.flyOneCm":87346,"tombstone:undead_killed":7,"stat.useItem.tombstone.grave_key":3,"stat.pickup.minecraft.wheat_seeds":7,"stat.mineBlock.minecraft.gravel":4,"stat.useItem.minecraft.stone_pickaxe":655,"stat.useItem.minecraft.cooked_beef":2,"stat.craftItem.minecraft.iron_leggings":1,"stat.damageDealt":4687,"stat.pickup.minecraft.redstone":140,"stat.mineBlock.minecraft.iron_ore":75,"stat.sleepInBed":3,"stat.timeSinceDeath":38950,"stat.killEntity.Cow":8,"stat.mineBlock.minecraft.dirt":23,"stat.useItem.minecraft.iron_pickaxe":461,"stat.craftItem.minecraft.wooden_pickaxe":2,"stat.craftItem.minecraft.stone_shovel":3,"stat.walkOneCm":230116,"stat.useItem.minecraft.torch":27,"stat.useItem.minecraft.chest":6,"stat.pickup.minecraft.stick":10,"stat.useItem.minecraft.log":2,"stat.pickup.minecraft.crafting_table":6,"stat.useItem.minecraft.cobblestone":181,"stat.furnaceInteraction":19,"stat.craftItem.minecraft.crafting_table":1,"stat.mineBlock.minecraft.double_plant":1,"stat.pickup.srparasites.lurecomponent2":1,"stat.mineBlock.minecraft.coal_ore":138,"stat.craftItem.minecraft.boat":1,"stat.killEntity.Creeper":1,"stat.pickup.minecraft.log":24,"stat.pickup.minecraft.beef":19,"stat.pickup.minecraft.furnace":1,"stat.craftItem.minecraft.stone_slab2":0,"stat.pickup.minecraft.stone":81,"stat.craftItem.minecraft.iron_chestplate":1,"stat.sprintOneCm":51091,"stat.craftItem.minecraft.stick":44,"stat.craftItem.minecraft.wooden_axe":1,"stat.killEntity.Skeleton":2,"stat.pickup.tombstone.lollipop":4,"stat.craftItem.minecraft.planks":88,"stat.pickup.nocubessrpnests.organicsample":3,"stat.mineBlock.minecraft.crafting_table":6,"stat.mobKills":41,"stat.mineBlock.minecraft.log":24,"stat.useItem.minecraft.boat":1,"stat.deaths":5,"stat.drop":1,"stat.playOneMinute":71474,"stat.pickup.minecraft.torch":1,"stat.mineBlock.minecraft.redstone_ore":31,"stat.sneakTime":8921,"stat.craftItem.minecraft.iron_pickaxe":2,"stat.killEntity.Zombie":5,"stat.useItem.minecraft.wooden_axe":19,"stat.drop.minecraft.torch":1,"stat.mineBlock.minecraft.stone":847,"stat.mineBlock.minecraft.gold_ore":17,"stat.mineBlock.minecraft.tallgrass":32,"stat.diveOneCm":2091,"stat.pickup.minecraft.chest":4}