{"stat.chestOpened":43,"stat.pickup.minecraft.bone":10,"stat.useItem.minecraft.stone":15,"stat.pickup.minecraft.arrow":8,"stat.mineBlock.minecraft.cobblestone":74,"stat.pickup.minecraft.stone_pickaxe":1,"stat.pickup.minecraft.stone_axe":2,"stat.mineBlock.srparasites.gore":31,"stat.useItem.minecraft.diamond_sword":264,"stat.jump":1365,"stat.swimOneCm":23761,"stat.pickup.minecraft.coal":178,"stat.fallOneCm":12777,"stat.useItem.minecraft.planks":176,"stat.pickup.minecraft.iron_ingot":10,"stat.useItem.minecraft.stone_axe":320,"stat.pickup.minecraft.gunpowder":4,"stat.crouchOneCm":27437,"stat.craftItem.minecraft.chest":2,"stat.craftItem.minecraft.torch":72,"stat.craftItem.minecraft.iron_ingot":5,"stat.pickup.minecraft.dirt":24,"stat.useItem.minecraft.dirt":5,"stat.useItem.minecraft.stone_slab2":34,"stat.craftingTableInteraction":33,"stat.pickup.minecraft.iron_ore":53,"stat.pickup.minecraft.rotten_flesh":14,"stat.pickup.minecraft.sand":1,"stat.craftItem.minecraft.furnace":3,"stat.pickup.minecraft.gold_ore":18,"stat.mineBlock.minecraft.lapis_ore":5,"stat.craftItem.minecraft.stone_axe":4,"stat.damageTaken":4225,"stat.craftItem.minecraft.stone_pickaxe":6,"stat.mineBlock.minecraft.torch":5,"stat.mineBlock.minecraft.furnace":1,"stat.useItem.minecraft.wooden_pickaxe":7,"stat.useItem.minecraft.furnace":1,"stat.pickup.minecraft.cobblestone":555,"stat.pickup.srparasites.assimilated_flesh":17,"stat.pickup.minecraft.dye":26,"stat.pickup.minecraft.planks":4,"stat.flyOneCm":191391,"stat.pickup.minecraft.bed":2,"tombstone:undead_killed":24,"stat.useItem.tombstone.grave_key":1,"stat.mineBlock.minecraft.sand":1,"stat.useItem.minecraft.stone_pickaxe":664,"stat.damageDealt":14305,"stat.mineBlock.minecraft.iron_ore":53,"stat.sleepInBed":1,"stat.timeSinceDeath":11194,"stat.mineBlock.minecraft.dirt":14,"stat.useItem.minecraft.iron_pickaxe":182,"stat.craftItem.minecraft.wooden_pickaxe":1,"stat.pickup.minecraft.mutton":20,"stat.pickup.minecraft.double_plant":2,"stat.walkOneCm":520622,"stat.craftItem.minecraft.bed":1,"stat.useItem.minecraft.torch":64,"stat.useItem.minecraft.chest":1,"stat.useItem.minecraft.log":8,"stat.pickup.minecraft.crafting_table":5,"stat.useItem.minecraft.cobblestone":396,"stat.craftItem.minecraft.crafting_table":2,"stat.furnaceInteraction":14,"stat.mineBlock.minecraft.double_plant":1,"stat.pickup.minecraft.iron_shovel":1,"stat.killEntity.ZombieVillager":1,"stat.pickup.srparasites.lurecomponent2":2,"stat.mineBlock.minecraft.coal_ore":179,"stat.pickup.srparasites.lurecomponent1":28,"stat.killEntity.Creeper":3,"stat.mineBlock.minecraft.emerald_ore":1,"stat.pickup.minecraft.log":96,"stat.pickup.minecraft.string":3,"stat.useItem.minecraft.cooked_mutton":19,"stat.pickup.minecraft.furnace":1,"stat.pickup.tombstone.crafting_ingredient":5,"stat.entityKilledBy.Skeleton":1,"stat.craftItem.minecraft.stone_slab2":0,"stat.pickup.minecraft.stone":64,"stat.pickup.minecraft.sapling":9,"stat.sprintOneCm":122920,"stat.pickup.minecraft.wooden_door":5,"stat.pickup.minecraft.apple":2,"stat.craftItem.minecraft.stick":56,"stat.craftItem.minecraft.wooden_axe":1,"stat.killEntity.Skeleton":9,"stat.pickup.tombstone.lollipop":5,"stat.craftItem.minecraft.planks":352,"stat.mineBlock.minecraft.crafting_table":5,"stat.killEntity.Spider":2,"stat.mobKills":105,"stat.pickup.minecraft.emerald":1,"stat.mineBlock.minecraft.log":98,"stat.craftItem.minecraft.wooden_door":9,"stat.useItem.minecraft.wooden_door":12,"stat.deaths":11,"stat.mineBlock.minecraft.planks":6,"stat.drop":3,"stat.mineBlock.minecraft.leaves":23,"stat.playOneMinute":119147,"stat.pickup.minecraft.torch":6,"stat.killEntity.Sheep":17,"stat.drop.tombstone.grave_key":1,"stat.pickup.tombstone.grave_key":1,"stat.sneakTime":9120,"stat.craftItem.minecraft.iron_pickaxe":1,"stat.pickup.minecraft.wool":17,"stat.drop.minecraft.stone_axe":2,"stat.killEntity.Zombie":14,"stat.useItem.minecraft.wooden_axe":1,"stat.mineBlock.minecraft.stone":493,"stat.mineBlock.minecraft.gold_ore":18,"stat.mineBlock.minecraft.tallgrass":4,"stat.craftItem.minecraft.cooked_mutton":20,"stat.diveOneCm":27612}