{"stat.chestOpened":116,"stat.useItem.minecraft.bow":1,"stat.pickup.minecraft.bone":3,"stat.craftItem.nocubessrparmory.pestilentarmorhelmet":1,"stat.useItem.minecraft.stone":1,"stat.useItem.minecraft.iron_axe":375,"stat.pickup.minecraft.gravel":4,"stat.pickup.minecraft.arrow":6,"stat.mineBlock.minecraft.cobblestone":39,"stat.pickup.minecraft.stone_axe":1,"stat.craftItem.minecraft.iron_axe":3,"stat.mineBlock.srparasites.gore":87,"stat.useItem.minecraft.rotten_flesh":1,"stat.pickup.srparasites.parasitecanister":5,"stat.jump":2121,"stat.swimOneCm":15004,"stat.pickup.minecraft.coal":149,"stat.fallOneCm":18097,"stat.climbOneCm":222,"stat.pickup.minecraft.iron_ingot":14,"stat.useItem.minecraft.stone_axe":175,"stat.pickup.minecraft.porkchop":6,"stat.crouchOneCm":26458,"stat.mineBlock.minecraft.chest":4,"stat.craftItem.minecraft.torch":72,"stat.craftItem.minecraft.chest":4,"stat.craftItem.minecraft.iron_ingot":73,"stat.pickup.minecraft.dirt":60,"stat.craftItem.minecraft.iron_helmet":1,"stat.useItem.minecraft.stone_slab2":31,"stat.pickup.minecraft.bow":1,"stat.craftingTableInteraction":42,"stat.pickup.minecraft.iron_ore":148,"stat.pickup.minecraft.rotten_flesh":8,"stat.pickup.minecraft.sand":12,"stat.craftItem.minecraft.furnace":5,"stat.boatOneCm":12821,"stat.pickup.minecraft.gold_ore":32,"stat.mineBlock.minecraft.lapis_ore":19,"stat.craftItem.minecraft.stone_axe":2,"stat.mineBlock.nocubessrpnests.nestegg":14,"stat.craftItem.minecraft.iron_boots":1,"stat.damageTaken":5642,"stat.useItem.minecraft.iron_ore":1,"stat.pickup.minecraft.leather":25,"stat.craftItem.minecraft.wooden_button":3,"stat.craftItem.minecraft.stone_pickaxe":6,"stat.useItem.srparasites.parasitecanister":1,"stat.useItem.minecraft.wooden_pickaxe":16,"stat.useItem.minecraft.furnace":2,"stat.craftItem.minecraft.cooked_beef":31,"stat.pickup.minecraft.cobblestone":1046,"stat.pickup.srparasites.assimilated_flesh":34,"stat.pickup.minecraft.dye":113,"stat.pickup.minecraft.planks":24,"stat.useItem.minecraft.stone_shovel":20,"stat.flyOneCm":192918,"tombstone:undead_killed":13,"stat.useItem.tombstone.grave_key":14,"stat.pickup.minecraft.wheat_seeds":15,"stat.mineBlock.minecraft.sand":1,"stat.pickup.srparasites.canisteractive":2,"stat.mineBlock.minecraft.gravel":4,"stat.useItem.minecraft.stone_pickaxe":692,"stat.useItem.minecraft.cooked_beef":31,"stat.craftItem.minecraft.iron_leggings":1,"stat.damageDealt":16255,"stat.pickup.minecraft.redstone":140,"stat.mineBlock.minecraft.iron_ore":154,"stat.sleepInBed":3,"stat.timeSinceDeath":47992,"stat.killEntity.Cow":20,"stat.craftItem.nocubessrparmory.pestilentarmorlegs":1,"stat.mineBlock.minecraft.dirt":47,"stat.useItem.minecraft.iron_pickaxe":750,"stat.craftItem.nocubessrparmory.pestilentarmorboots":1,"stat.craftItem.minecraft.wooden_pickaxe":2,"stat.killEntity.Pig":2,"stat.craftItem.minecraft.iron_door":3,"stat.useItem.minecraft.iron_door":3,"stat.craftItem.minecraft.stone_shovel":3,"stat.walkOneCm":657575,"stat.useItem.minecraft.torch":39,"stat.useItem.minecraft.chest":6,"stat.pickup.minecraft.stick":12,"stat.useItem.minecraft.log":2,"stat.pickup.minecraft.crafting_table":6,"stat.useItem.minecraft.cobblestone":353,"stat.furnaceInteraction":48,"stat.craftItem.minecraft.crafting_table":1,"stat.mineBlock.minecraft.double_plant":5,"stat.pickup.srparasites.lurecomponent2":3,"stat.mineBlock.minecraft.coal_ore":157,"stat.pickup.srparasites.lurecomponent3":3,"stat.craftItem.minecraft.boat":1,"stat.mineBlock.srparasites.canisteractive":2,"stat.pickup.srparasites.lurecomponent1":1,"stat.killEntity.Creeper":1,"stat.pickup.minecraft.log":24,"stat.pickup.minecraft.beef":44,"stat.pickup.minecraft.furnace":1,"stat.craftItem.minecraft.stone_slab2":0,"stat.craftItem.minecraft.gold_ingot":15,"stat.pickup.minecraft.stone":131,"stat.craftItem.minecraft.iron_chestplate":1,"stat.sprintOneCm":127150,"stat.craftItem.minecraft.stick":60,"stat.craftItem.minecraft.wooden_axe":1,"stat.killEntity.Skeleton":5,"stat.pickup.tombstone.lollipop":12,"stat.craftItem.minecraft.bucket":1,"stat.craftItem.minecraft.planks":88,"stat.mineBlock.minecraft.diamond_ore":14,"stat.mineBlock.srparasites.infestremain":12,"stat.pickup.nocubessrpnests.organicsample":19,"stat.mineBlock.minecraft.crafting_table":6,"stat.useItem.minecraft.wooden_button":2,"stat.useItem.minecraft.diamond_pickaxe":122,"stat.craftItem.nocubessrparmory.pestilentpart":38,"stat.mobKills":129,"stat.mineBlock.minecraft.log":24,"stat.useItem.minecraft.boat":1,"stat.deaths":12,"stat.drop":1,"stat.pickup.minecraft.iron_door":1,"stat.pickup.minecraft.diamond":14,"stat.pickup.minecraft.egg":1,"stat.playOneMinute":144374,"stat.pickup.minecraft.torch":1,"stat.mineBlock.srparasites.parasitecanister":5,"stat.mineBlock.minecraft.redstone_ore":31,"stat.sneakTime":10405,"stat.craftItem.minecraft.iron_pickaxe":3,"stat.craftItem.minecraft.diamond_pickaxe":1,"stat.killEntity.Zombie":8,"stat.useItem.minecraft.wooden_axe":19,"stat.drop.minecraft.torch":1,"stat.craftItem.nocubessrparmory.pestilentarmorbody":1,"stat.mineBlock.minecraft.stone":1089,"stat.mineBlock.minecraft.gold_ore":34,"stat.mineBlock.minecraft.tallgrass":96,"stat.diveOneCm":4174,"stat.pickup.minecraft.chest":4}