{"stat.pickup.minecraft.double_plant":2,"stat.walkOneCm":52465,"stat.craftItem.minecraft.planks":64,"stat.craftItem.minecraft.stone_axe":1,"stat.pickup.minecraft.crafting_table":2,"stat.mineBlock.minecraft.crafting_table":2,"stat.damageTaken":1019,"stat.craftItem.minecraft.crafting_table":1,"stat.pickup.minecraft.stone_axe":2,"stat.craftItem.minecraft.stone_pickaxe":1,"stat.useItem.minecraft.wooden_pickaxe":7,"stat.mineBlock.minecraft.double_plant":1,"stat.pickup.minecraft.cobblestone":92,"stat.mineBlock.minecraft.coal_ore":3,"stat.mobKills":5,"stat.mineBlock.srparasites.gore":2,"stat.pickup.srparasites.assimilated_flesh":1,"stat.mineBlock.minecraft.log":27,"stat.pickup.srparasites.lurecomponent1":3,"stat.pickup.minecraft.log":26,"stat.flyOneCm":6821,"stat.deaths":4,"stat.drop":2,"stat.jump":150,"stat.mineBlock.minecraft.leaves":2,"stat.swimOneCm":124,"stat.playOneMinute":10247,"stat.pickup.minecraft.coal":3,"stat.fallOneCm":1165,"stat.useItem.minecraft.stone_pickaxe":49,"stat.useItem.minecraft.stone_axe":56,"stat.damageDealt":726,"stat.drop.minecraft.stone_axe":2,"stat.timeSinceDeath":1813,"stat.useItem.minecraft.wooden_axe":1,"stat.pickup.minecraft.sapling":4,"stat.sprintOneCm":3484,"stat.useItem.minecraft.stone_slab2":2,"stat.craftItem.minecraft.wooden_pickaxe":1,"stat.mineBlock.minecraft.stone":53,"stat.mineBlock.minecraft.tallgrass":2,"stat.pickup.minecraft.apple":1,"stat.craftItem.minecraft.stick":8,"stat.craftItem.minecraft.wooden_axe":1,"stat.craftingTableInteraction":4}